[
  {
    "model": "NEMO.userpreferences",
    "pk": 1,
    "fields": {
      "attach_created_reservation": false,
      "attach_cancelled_reservation": false,
      "display_new_buddy_request_notification": true,
      "email_new_buddy_request_reply": true,
      "email_new_adjustment_request_reply": true,
      "staff_status_view": "day",
      "email_alternate": null,
      "email_send_reservation_emails": 1,
      "email_send_buddy_request_replies": 1,
      "email_send_access_request_updates": 1,
      "email_send_adjustment_request_updates": 1,
      "email_send_broadcast_emails": 1,
      "email_send_task_updates": 1,
      "email_send_access_expiration_emails": 1,
      "email_send_tool_qualification_expiration_emails": 1,
      "email_send_usage_reminders": 1,
      "email_send_reservation_reminders": 1,
      "email_send_reservation_ending_reminders": 1,
      "recurring_charges_reminder_days": "60,7",
      "email_send_recurring_charges_reminder_emails": 1
    }
  },
  {
    "model": "NEMO.userpreferences",
    "pk": 2,
    "fields": {
      "attach_created_reservation": false,
      "attach_cancelled_reservation": false,
      "display_new_buddy_request_notification": true,
      "email_new_buddy_request_reply": true,
      "email_new_adjustment_request_reply": true,
      "staff_status_view": "day",
      "email_alternate": null,
      "email_send_reservation_emails": 1,
      "email_send_buddy_request_replies": 1,
      "email_send_access_request_updates": 1,
      "email_send_adjustment_request_updates": 1,
      "email_send_broadcast_emails": 1,
      "email_send_task_updates": 1,
      "email_send_access_expiration_emails": 1,
      "email_send_tool_qualification_expiration_emails": 1,
      "email_send_usage_reminders": 1,
      "email_send_reservation_reminders": 1,
      "email_send_reservation_ending_reminders": 1,
      "recurring_charges_reminder_days": "60,7",
      "email_send_recurring_charges_reminder_emails": 1
    }
  },
  {
    "model": "NEMO.usertype",
    "fields": {
      "name": "Student",
      "display_order": 0
    }
  },
  {
    "model": "NEMO.usertype",
    "fields": {
      "name": "Faculty",
      "display_order": 1
    }
  },
  {
    "model": "NEMO.usertype",
    "fields": {
      "name": "Lab staff",
      "display_order": 2
    }
  },
  {
    "model": "NEMO.usertype",
    "fields": {
      "name": "Service personnel",
      "display_order": 3
    }
  },
  {
    "model": "NEMO.projectdiscipline",
    "fields": {
      "display_order": 0,
      "name": "Physics"
    }
  },
  {
    "model": "NEMO.projectdiscipline",
    "fields": {
      "display_order": 1,
      "name": "Chemistry"
    }
  },
  {
    "model": "NEMO.projectdiscipline",
    "fields": {
      "display_order": 3,
      "name": "Biology"
    }
  },
  {
    "model": "NEMO.projectdiscipline",
    "fields": {
      "display_order": 4,
      "name": "Electronics"
    }
  },
  {
    "model": "NEMO.physicalaccesslevel",
    "pk": 1,
    "fields": {
      "name": "Cleanroom access",
      "area": 1,
      "schedule": 0,
      "weekdays_start_time": null,
      "weekdays_end_time": null,
      "allow_staff_access": true,
      "allow_user_request": true
    }
  },
  {
    "model": "NEMO.physicalaccesslevel",
    "pk": 2,
    "fields": {
      "name": "Cleanroom access weekdays",
      "area": 1,
      "schedule": 1,
      "weekdays_start_time": "07:00:00",
      "weekdays_end_time": "19:00:00",
      "allow_staff_access": false,
      "allow_user_request": false
    }
  },
  {
    "model": "NEMO.closure",
    "pk": 1,
    "fields": {
      "name": "Memorial day",
      "alert_days_before": 7,
      "alert_template": "The lab will be closed from {{ start_time }} to {{ end_time }}",
      "notify_managers_last_occurrence": false,
      "staff_absent": true,
      "physical_access_levels": []
    }
  },
  {
    "model": "NEMO.closure",
    "pk": 2,
    "fields": {
      "name": "Independence day",
      "alert_days_before": 7,
      "alert_template": "The lab will be closed from {{ start_time }} to {{ end_time }}",
      "notify_managers_last_occurrence": true,
      "staff_absent": true,
      "physical_access_levels": []
    }
  },
  {
    "model": "NEMO.closure",
    "pk": 3,
    "fields": {
      "name": "Juneteenth",
      "alert_days_before": 7,
      "alert_template": "The lab will be closed from {{ start_time }} until {{ end_time }}",
      "notify_managers_last_occurrence": true,
      "staff_absent": true,
      "physical_access_levels": []
    }
  },
  {
    "model": "NEMO.closuretime",
    "pk": 1,
    "fields": {
      "closure": 1,
      "start_time": "2022-05-30T04:00:00Z",
      "end_time": "2022-05-31T03:59:00Z"
    }
  },
  {
    "model": "NEMO.closuretime",
    "pk": 2,
    "fields": {
      "closure": 1,
      "start_time": "2023-05-29T04:00:00Z",
      "end_time": "2023-05-30T03:59:00Z"
    }
  },
  {
    "model": "NEMO.closuretime",
    "pk": 3,
    "fields": {
      "closure": 1,
      "start_time": "2024-05-27T04:00:00Z",
      "end_time": "2024-05-28T03:59:00Z"
    }
  },
  {
    "model": "NEMO.closuretime",
    "pk": 4,
    "fields": {
      "closure": 1,
      "start_time": "2025-05-26T04:00:00Z",
      "end_time": "2025-05-27T03:59:00Z"
    }
  },
  {
    "model": "NEMO.closuretime",
    "pk": 5,
    "fields": {
      "closure": 2,
      "start_time": "2022-07-04T04:00:00Z",
      "end_time": "2022-07-05T03:59:00Z"
    }
  },
  {
    "model": "NEMO.closuretime",
    "pk": 6,
    "fields": {
      "closure": 2,
      "start_time": "2023-07-04T04:00:00Z",
      "end_time": "2023-07-05T03:59:00Z"
    }
  },
  {
    "model": "NEMO.closuretime",
    "pk": 7,
    "fields": {
      "closure": 2,
      "start_time": "2024-07-04T04:00:00Z",
      "end_time": "2024-07-05T03:59:00Z"
    }
  },
  {
    "model": "NEMO.closuretime",
    "pk": 8,
    "fields": {
      "closure": 2,
      "start_time": "2025-07-04T04:00:00Z",
      "end_time": "2025-07-05T03:59:00Z"
    }
  },
  {
    "model": "NEMO.closuretime",
    "pk": 9,
    "fields": {
      "closure": 3,
      "start_time": "2022-06-20T04:00:00Z",
      "end_time": "2022-06-21T03:59:00Z"
    }
  },
  {
    "model": "NEMO.closuretime",
    "pk": 10,
    "fields": {
      "closure": 3,
      "start_time": "2023-06-19T04:00:00Z",
      "end_time": "2023-06-20T03:59:00Z"
    }
  },
  {
    "model": "NEMO.closuretime",
    "pk": 11,
    "fields": {
      "closure": 3,
      "start_time": "2024-06-19T04:00:00Z",
      "end_time": "2024-06-20T03:59:00Z"
    }
  },
  {
    "model": "NEMO.closuretime",
    "pk": 12,
    "fields": {
      "closure": 3,
      "start_time": "2025-06-19T04:00:00Z",
      "end_time": "2025-06-20T03:59:00Z"
    }
  },
  {
    "model": "NEMO.safetytraining",
    "fields": {
      "name": "Cleanroom training",
      "display_order": 1
    }
  },
  {
    "model": "NEMO.safetytraining",
    "fields": {
      "name": "Chemical handling",
      "display_order": 2
    }
  },
  {
    "model": "NEMO.safetytraining",
    "fields": {
      "name": "Fume hood training",
      "display_order": 3
    }
  },
  {
    "model": "NEMO.safetytraining",
    "fields": {
      "name": "Compressed gases training",
      "display_order": 4
    }
  },
  {
    "model": "NEMO.safetytraining",
    "fields": {
      "name": "Equipment training",
      "display_order": 5
    }
  },
  {
    "model": "NEMO.onboardingphase",
    "fields": {
      "name": "General orientation",
      "display_order": 1
    }
  },
  {
    "model": "NEMO.onboardingphase",
    "fields": {
      "name": "Cleanroom orientation",
      "display_order": 2
    }
  },
  {
    "model": "NEMO.area",
    "pk": 1,
    "fields": {
      "name": "Cleanroom",
      "parent_area": 2,
      "category": null,
      "abuse_email": "",
      "reservation_email": "",
      "area_calendar_color": "#88B7CD",
      "requires_reservation": true,
      "logout_grace_period": null,
      "buddy_system_allowed": true,
      "maximum_capacity": 5,
      "count_staff_in_occupancy": true,
      "count_service_personnel_in_occupancy": true,
      "reservation_warning": null,
      "reservation_horizon": 14,
      "missed_reservation_threshold": null,
      "minimum_usage_block_time": null,
      "maximum_usage_block_time": null,
      "maximum_reservations_per_day": null,
      "minimum_time_between_reservations": null,
      "maximum_future_reservation_time": null,
      "policy_off_between_times": false,
      "policy_off_start_time": null,
      "policy_off_end_time": null,
      "policy_off_weekend": false,
      "lft": 2,
      "rght": 3,
      "tree_id": 1,
      "level": 1
    }
  },
  {
    "model": "NEMO.area",
    "pk": 2,
    "fields": {
      "name": "Campus",
      "parent_area": null,
      "category": null,
      "abuse_email": "",
      "reservation_email": "",
      "area_calendar_color": "#88B7CD",
      "requires_reservation": false,
      "logout_grace_period": null,
      "buddy_system_allowed": false,
      "maximum_capacity": 10,
      "count_staff_in_occupancy": true,
      "count_service_personnel_in_occupancy": true,
      "reservation_warning": null,
      "reservation_horizon": null,
      "missed_reservation_threshold": null,
      "minimum_usage_block_time": null,
      "maximum_usage_block_time": null,
      "maximum_reservations_per_day": null,
      "minimum_time_between_reservations": null,
      "maximum_future_reservation_time": null,
      "policy_off_between_times": false,
      "policy_off_start_time": null,
      "policy_off_end_time": null,
      "policy_off_weekend": false,
      "lft": 1,
      "rght": 4,
      "tree_id": 1,
      "level": 0
    }
  },
  {
    "model": "NEMO.area",
    "pk": 3,
    "fields": {
      "name": "CPM Lab",
      "parent_area": 2,
      "category": null,
      "abuse_email": "",
      "reservation_email": "",
      "area_calendar_color": "#88b7cd",
      "requires_reservation": true,
      "logout_grace_period": null,
      "buddy_system_allowed": false,
      "maximum_capacity": 0,
      "count_staff_in_occupancy": true,
      "count_service_personnel_in_occupancy": true,
      "reservation_warning": null,
      "reservation_horizon": 14,
      "missed_reservation_threshold": null,
      "minimum_usage_block_time": null,
      "maximum_usage_block_time": null,
      "maximum_reservations_per_day": null,
      "minimum_time_between_reservations": null,
      "maximum_future_reservation_time": null,
      "policy_off_between_times": false,
      "policy_off_start_time": null,
      "policy_off_end_time": null,
      "policy_off_weekend": false,
      "lft": 4,
      "rght": 5,
      "tree_id": 1,
      "level": 1
    }
  },
  {
    "model": "NEMO.accounttype",
    "fields": {
      "name": "Internal",
      "display_order": 0
    }
  },
  {
    "model": "NEMO.accounttype",
    "fields": {
      "name": "Industry",
      "display_order": 1
    }
  },
  {
    "model": "NEMO.account",
    "fields": {
      "name": "Cleanroom Staff",
      "type": [
        "Internal"
      ],
      "start_date": null,
      "active": true
    }
  },
  {
    "model": "NEMO.account",
    "fields": {
      "name": "Account 2",
      "type": [
        "Industry"
      ],
      "start_date": null,
      "active": true
    }
  },
  {
    "model": "NEMO.account",
    "fields": {
      "name": "Account 3",
      "type": [
        "Industry"
      ],
      "start_date": null,
      "active": true
    }
  },
  {
    "model": "NEMO.consumable",
    "pk": 1,
    "fields": {
      "name": "Tweezers",
      "category": null,
      "quantity": 10,
      "reusable": false,
      "visible": true,
      "reminder_threshold": 5,
      "reminder_email": "service@nautilus.com",
      "reminder_threshold_reached": false
    }
  },
  {
    "model": "NEMO.consumable",
    "pk": 2,
    "fields": {
      "name": "2 inch wafer tray",
      "category": null,
      "quantity": 0,
      "reusable": false,
      "visible": true,
      "reminder_threshold": 5,
      "reminder_email": "service@nautilus.com",
      "reminder_threshold_reached": false
    }
  },
  {
    "model": "NEMO.consumable",
    "pk": 3,
    "fields": {
      "name": "Storage bin",
      "category": 1,
      "quantity": 10,
      "reusable": true,
      "visible": true,
      "reminder_threshold": null,
      "reminder_email": null,
      "reminder_threshold_reached": false
    }
  },
  {
    "model": "NEMO.consumable",
    "pk": 4,
    "fields": {
      "name": "Cleanroom gown",
      "category": 1,
      "quantity": 10,
      "reusable": true,
      "visible": true,
      "reminder_threshold": null,
      "reminder_email": null,
      "reminder_threshold_reached": false
    }
  },
  {
    "model": "NEMO.consumable",
    "pk": 5,
    "fields": {
      "name": "Sputter gold",
      "category": 2,
      "quantity": 200,
      "reusable": true,
      "visible": true,
      "reminder_threshold": null,
      "reminder_email": null,
      "reminder_threshold_reached": false
    }
  },
  {
    "model": "NEMO.consumable",
    "pk": 6,
    "fields": {
      "name": "220A (mL)",
      "category": 3,
      "quantity": 1,
      "reusable": true,
      "visible": false,
      "reminder_threshold": null,
      "reminder_email": null,
      "reminder_threshold_reached": false
    }
  },
  {
    "model": "NEMO.consumable",
    "pk": 7,
    "fields": {
      "name": "NX88 (ml)",
      "category": 3,
      "quantity": 1,
      "reusable": true,
      "visible": false,
      "reminder_threshold": null,
      "reminder_email": null,
      "reminder_threshold_reached": false
    }
  },
  {
    "model": "NEMO.consumable",
    "pk": 8,
    "fields": {
      "name": "556 (mL)",
      "category": 3,
      "quantity": 1,
      "reusable": true,
      "visible": false,
      "reminder_threshold": null,
      "reminder_email": null,
      "reminder_threshold_reached": false
    }
  },
  {
    "model": "NEMO.consumable",
    "pk": 9,
    "fields": {
      "name": "6103 (mL)",
      "category": 3,
      "quantity": 1,
      "reusable": true,
      "visible": false,
      "reminder_threshold": null,
      "reminder_email": null,
      "reminder_threshold_reached": false
    }
  },
  {
    "model": "NEMO.consumable",
    "pk": 10,
    "fields": {
      "name": "A7100 (mL)",
      "category": 3,
      "quantity": 1,
      "reusable": true,
      "visible": false,
      "reminder_threshold": null,
      "reminder_email": null,
      "reminder_threshold_reached": false
    }
  },
  {
    "model": "NEMO.consumable",
    "pk": 11,
    "fields": {
      "name": "SS25E (mL)",
      "category": 3,
      "quantity": 1,
      "reusable": true,
      "visible": false,
      "reminder_threshold": null,
      "reminder_email": null,
      "reminder_threshold_reached": false
    }
  },
  {
    "model": "NEMO.consumablecategory",
    "pk": 1,
    "fields": {
      "name": "Rental"
    }
  },
  {
    "model": "NEMO.consumablecategory",
    "pk": 2,
    "fields": {
      "name": "Material"
    }
  },
  {
    "model": "NEMO.consumablecategory",
    "pk": 3,
    "fields": {
      "name": "Slurry"
    }
  },
  {
    "model": "NEMO.interlockcard",
    "pk": 1,
    "fields": {
      "name": "Interlock card",
      "server": "localhost",
      "port": 123,
      "number": null,
      "even_port": null,
      "odd_port": null,
      "category": 4,
      "username": null,
      "password": null,
      "enabled": true
    }
  },
  {
    "model": "NEMO.interlock",
    "pk": 1,
    "fields": {
      "card": 1,
      "channel": 3,
      "unit_id": null,
      "state": -1,
      "most_recent_reply": "None",
      "most_recent_reply_time": null
    }
  },
  {
    "model": "NEMO.interlockcardcategory",
    "pk": 1,
    "fields": {
      "name": "Stanford",
      "key": "stanford"
    }
  },
  {
    "model": "NEMO.interlockcardcategory",
    "pk": 2,
    "fields": {
      "name": "WebRelayHttp",
      "key": "web_relay_http"
    }
  },
  {
    "model": "NEMO.interlockcardcategory",
    "pk": 3,
    "fields": {
      "name": "ProXr",
      "key": "proxr"
    }
  },
  {
    "model": "NEMO.interlockcardcategory",
    "pk": 4,
    "fields": {
      "name": "ModbusTcp",
      "key": "modbus_tcp"
    }
  },
  {
    "model": "NEMO.taskcategory",
    "pk": 1,
    "fields": {
      "name": "User error",
      "stage": 0
    }
  },
  {
    "model": "NEMO.taskcategory",
    "pk": 2,
    "fields": {
      "name": "Computer error",
      "stage": 0
    }
  },
  {
    "model": "NEMO.taskcategory",
    "pk": 3,
    "fields": {
      "name": "A reboot fixed it",
      "stage": 1
    }
  },
  {
    "model": "NEMO.taskcategory",
    "pk": 4,
    "fields": {
      "name": "Magic",
      "stage": 1
    }
  },
  {
    "model": "NEMO.resourcecategory",
    "pk": 1,
    "fields": {
      "name": "Facility"
    }
  },
  {
    "model": "NEMO.resourcecategory",
    "pk": 2,
    "fields": {
      "name": "Gases"
    }
  },
  {
    "model": "NEMO.door",
    "pk": 1,
    "fields": {
      "name": "Cleanroom door",
      "welcome_message": "<h2><center>Welcome to the cleanroom!</center></h2>",
      "areas": [
        1
      ],
      "interlock": 1
    }
  },
  {
    "model": "NEMO.safetycategory",
    "fields": {
      "name": "Chemical handling",
      "display_order": 1
    }
  },
  {
    "model": "NEMO.safetycategory",
    "fields": {
      "name": "Cleanroom safety",
      "display_order": 2
    }
  },
  {
    "model": "NEMO.safetyitem",
    "pk": 1,
    "fields": {
      "name": "How to handle chemicals",
      "display_order": 1,
      "description": "This is a very important safety informational item. Please check out the following documents:",
      "category": [
        "Chemical handling"
      ]
    }
  },
  {
    "model": "NEMO.safetyitem",
    "pk": 2,
    "fields": {
      "name": "Dispose of chemicals",
      "display_order": 2,
      "description": "Use the bins at your disposals throughout the facility. Check the following link for more information:",
      "category": [
        "Chemical handling"
      ]
    }
  },
  {
    "model": "NEMO.safetyitem",
    "pk": 3,
    "fields": {
      "name": "Code of conduct",
      "display_order": 1,
      "description": "Please click on the following document to find out more:",
      "category": [
        "Cleanroom safety"
      ]
    }
  },
  {
    "model": "NEMO.safetyitemdocuments",
    "pk": 1,
    "fields": {
      "safety_item": 1,
      "display_order": 1,
      "document": "",
      "url": "https://filesamples.com/samples/video/mp4/sample_960x400_ocean_with_audio.mp4",
      "name": "MP4 video example URL",
      "uploaded_at": "2023-01-06T01:35:06.582Z"
    }
  },
  {
    "model": "NEMO.safetyitemdocuments",
    "pk": 2,
    "fields": {
      "safety_item": 1,
      "display_order": 2,
      "document": "",
      "url": "https://filesamples.com/samples/document/pdf/sample1.pdf",
      "name": "PDF document example URL",
      "uploaded_at": "2023-01-06T18:31:45.260Z"
    }
  },
  {
    "model": "NEMO.safetyitemdocuments",
    "pk": 3,
    "fields": {
      "safety_item": 2,
      "display_order": 1,
      "document": "",
      "url": "https://filesamples.com/samples/video/ogv/sample_640x360.ogv",
      "name": "OGV video example URL",
      "uploaded_at": "2023-01-06T18:31:45.260Z"
    }
  },
  {
    "model": "NEMO.safetyitemdocuments",
    "pk": 4,
    "fields": {
      "safety_item": 3,
      "display_order": 1,
      "document": "",
      "url": "https://www.wikihow.com/Enter-a-Cleanroom",
      "name": "Entering a cleanroom",
      "uploaded_at": "2023-01-06T18:31:45.260Z"
    }
  },
  {
    "model": "NEMO.contactinformationcategory",
    "fields": {
      "name": "Staff",
      "display_order": 0
    }
  },
  {
    "model": "NEMO.contactinformationcategory",
    "fields": {
      "name": "Users",
      "display_order": 1
    }
  },
  {
    "model": "NEMO.landingpagechoice",
    "pk": 1,
    "fields": {
      "image": "calendar.png",
      "name": "Calendar",
      "url": "/calendar/",
      "display_order": 0,
      "open_in_new_tab": false,
      "secure_referral": false,
      "hide_from_mobile_devices": false,
      "hide_from_desktop_computers": false,
      "view_permissions": "is_authenticated",
      "notifications": null
    }
  },
  {
    "model": "NEMO.landingpagechoice",
    "pk": 2,
    "fields": {
      "image": "tools.png",
      "name": "Tool control",
      "url": "/tool_control/",
      "display_order": 1,
      "open_in_new_tab": false,
      "secure_referral": false,
      "hide_from_mobile_devices": false,
      "hide_from_desktop_computers": false,
      "view_permissions": "is_authenticated",
      "notifications": null
    }
  },
  {
    "model": "NEMO.landingpagechoice",
    "pk": 3,
    "fields": {
      "image": "information.png",
      "name": "Status dashboard",
      "url": "/status_dashboard/",
      "display_order": 2,
      "open_in_new_tab": false,
      "secure_referral": false,
      "hide_from_mobile_devices": false,
      "hide_from_desktop_computers": false,
      "view_permissions": "is_authenticated",
      "notifications": null
    }
  },
  {
    "model": "NEMO.landingpagechoice",
    "pk": 4,
    "fields": {
      "image": "safety_alt.png",
      "name": "Safety",
      "url": "/safety/",
      "display_order": 3,
      "open_in_new_tab": false,
      "secure_referral": false,
      "hide_from_mobile_devices": false,
      "hide_from_desktop_computers": false,
      "view_permissions": "is_authenticated",
      "notifications": "safetyissue"
    }
  },
  {
    "model": "NEMO.landingpagechoice",
    "pk": 5,
    "fields": {
      "image": "feedback.png",
      "name": "Send feedback",
      "url": "/feedback/",
      "display_order": 4,
      "open_in_new_tab": false,
      "secure_referral": false,
      "hide_from_mobile_devices": false,
      "hide_from_desktop_computers": false,
      "view_permissions": "is_authenticated",
      "notifications": null
    }
  },
  {
    "model": "NEMO.landingpagechoice",
    "pk": 6,
    "fields": {
      "image": "contact.png",
      "name": "Contact the NanoFab staff",
      "url": "/contact_staff/",
      "display_order": 5,
      "open_in_new_tab": false,
      "secure_referral": false,
      "hide_from_mobile_devices": false,
      "hide_from_desktop_computers": false,
      "view_permissions": "is_authenticated",
      "notifications": null
    }
  },
  {
    "model": "NEMO.landingpagechoice",
    "pk": 7,
    "fields": {
      "image": "receipt.png",
      "name": "View your usage",
      "url": "/usage/",
      "display_order": 6,
      "open_in_new_tab": false,
      "secure_referral": false,
      "hide_from_mobile_devices": false,
      "hide_from_desktop_computers": false,
      "view_permissions": "is_authenticated",
      "notifications": null
    }
  },
  {
    "model": "NEMO.landingpagechoice",
    "pk": 8,
    "fields": {
      "image": "supplies.png",
      "name": "Supplies/Consumables",
      "url": "/consumables/",
      "display_order": 7,
      "open_in_new_tab": false,
      "secure_referral": false,
      "hide_from_mobile_devices": false,
      "hide_from_desktop_computers": false,
      "view_permissions": "is_authenticated",
      "notifications": null
    }
  },
  {
    "model": "NEMO.landingpagechoice",
    "pk": 9,
    "fields": {
      "image": "library.png",
      "name": "Knowledge base",
      "url": "/knowledge_base/user",
      "display_order": 8,
      "open_in_new_tab": true,
      "secure_referral": true,
      "hide_from_mobile_devices": false,
      "hide_from_desktop_computers": false,
      "view_permissions": "is_authenticated",
      "notifications": null
    }
  },
  {
    "model": "NEMO.landingpagechoice",
    "pk": 10,
    "fields": {
      "image": "news.png",
      "name": "News and events",
      "url": "/news/",
      "display_order": 9,
      "open_in_new_tab": false,
      "secure_referral": false,
      "hide_from_mobile_devices": false,
      "hide_from_desktop_computers": false,
      "view_permissions": "is_authenticated",
      "notifications": "news"
    }
  },
  {
    "model": "NEMO.customization",
    "pk": "adjustment_requests_enabled",
    "fields": {
      "value": "enabled"
    }
  },
  {
    "model": "NEMO.customization",
    "pk": "adjustment_requests_time_limit_interval",
    "fields": {
      "value": "0"
    }
  },
  {
    "model": "NEMO.customization",
    "pk": "adjustment_requests_apply_button",
    "fields": {
      "value": "enabled"
    }
  },
  {
    "model": "NEMO.customization",
    "pk": "adjustment_requests_waive_tool_usage_enabled",
    "fields": {
      "value": "enabled"
    }
  },
  {
    "model": "NEMO.customization",
    "pk": "adjustment_requests_waive_area_access_enabled",
    "fields": {
      "value": "enabled"
    }
  },
  {
    "model": "NEMO.customization",
    "pk": "adjustment_requests_waive_consumable_withdrawal_enabled",
    "fields": {
      "value": "enabled"
    }
  },
  {
    "model": "NEMO.customization",
    "pk": "adjustment_requests_waive_missed_reservation_enabled",
    "fields": {
      "value": "enabled"
    }
  },
  {
    "model": "NEMO.customization",
    "pk": "calendar_all_tools",
    "fields": {
      "value": "enabled"
    }
  },
  {
    "model": "NEMO.customization",
    "pk": "calendar_login_logout",
    "fields": {
      "value": "enabled"
    }
  },
  {
    "model": "NEMO.customization",
    "pk": "calendar_now_indicator",
    "fields": {
      "value": "enabled"
    }
  },
  {
    "model": "NEMO.customization",
    "pk": "calendar_configuration_in_reservations",
    "fields": {
      "value": "enabled"
    }
  },
  {
    "model": "NEMO.customization",
    "pk": "calendar_qualified_tools",
    "fields": {
      "value": "enabled"
    }
  },
  {
    "model": "NEMO.customization",
    "pk": "project_allow_document_upload",
    "fields": {
      "value": "enabled"
    }
  },
  {
    "model": "NEMO.customization",
    "pk": "project_allow_transferring_charges",
    "fields": {
      "value": "enabled"
    }
  },
  {
    "model": "NEMO.customization",
    "pk": "recurring_charges_category",
    "fields": {
      "value": "1"
    }
  },
  {
    "model": "NEMO.customization",
    "pk": "self_log_in",
    "fields": {
      "value": "enabled"
    }
  },
  {
    "model": "NEMO.customization",
    "pk": "self_log_out",
    "fields": {
      "value": "enabled"
    }
  },
  {
    "model": "NEMO.customization",
    "pk": "user_allow_document_upload",
    "fields": {
      "value": "enabled"
    }
  },
  {
    "model": "NEMO.customization",
    "pk": "user_allow_profile_view",
    "fields": {
      "value": "enabled"
    }
  },
  {
    "model": "NEMO.customization",
    "pk": "consumable_user_self_checkout",
    "fields": {
      "value": "enabled"
    }
  },
  {
    "model": "NEMO.customization",
    "pk": "tool_control_show_next_reservation_user",
    "fields": {
      "value": "enabled"
    }
  },
  {
    "model": "NEMO.customization",
    "pk": "training_show_self_option_in_tool_control",
    "fields": {
      "value": "enabled"
    }
  },
  {
    "model": "NEMO.customization",
    "pk": "staff_assistance_requests_enabled",
    "fields": {
      "value": "enabled"
    }
  },
  {
    "model": "NEMO.news",
    "pk": 1,
    "fields": {
      "title": "Chapter 1: A Shifting Reef",
      "pinned": false,
      "created": "2018-09-26T16:21:08.960Z",
      "original_content": "Originally published on Wednesday, September 26th, 2018 @ 12:21 PM by Captain Nemo (captain):\nThe year 1866 was signalised by a remarkable incident, a mysterious and puzzling phenomenon, which doubtless no one has yet forgotten. Not to mention rumours which agitated the maritime population and excited the public mind, even in the interior of continents, seafaring men were particularly excited. Merchants, common sailors, captains of vessels, skippers, both of Europe and America, naval officers of all countries, and the Governments of several States on the two continents, were deeply interested in the matter.",
      "all_content": "Originally published on Wednesday, September 26th, 2018 @ 12:21 PM by Captain Nemo (captain):\nThe year 1866 was signalised by a remarkable incident, a mysterious and puzzling phenomenon, which doubtless no one has yet forgotten. Not to mention rumours which agitated the maritime population and excited the public mind, even in the interior of continents, seafaring men were particularly excited. Merchants, common sailors, captains of vessels, skippers, both of Europe and America, naval officers of all countries, and the Governments of several States on the two continents, were deeply interested in the matter.",
      "last_updated": "2018-09-26T16:21:08.960Z",
      "last_update_content": "Originally published on Wednesday, September 26th, 2018 @ 12:21 PM by Captain Nemo (captain):\nThe year 1866 was signalised by a remarkable incident, a mysterious and puzzling phenomenon, which doubtless no one has yet forgotten. Not to mention rumours which agitated the maritime population and excited the public mind, even in the interior of continents, seafaring men were particularly excited. Merchants, common sailors, captains of vessels, skippers, both of Europe and America, naval officers of all countries, and the Governments of several States on the two continents, were deeply interested in the matter.",
      "archived": true,
      "update_count": 0
    }
  },
  {
    "model": "NEMO.news",
    "pk": 2,
    "fields": {
      "title": "Chapter 2: Pro and Con",
      "pinned": false,
      "created": "2018-09-26T16:21:35.905Z",
      "original_content": "Originally published on Wednesday, September 26th, 2018 @ 12:21 PM by Captain Nemo (captain):\nAt the period when these events took place, I had just returned from a scientific research in the disagreeable territory of Nebraska, in the United States. In virtue of my office as Assistant Professor in the Museum of Natural History in Paris, the French Government had attached me to that expedition. After six months in Nebraska, I arrived in New York towards the end of March, laden with a precious collection. My departure for France was fixed for the first days in May. Meanwhile I was occupying myself in classifying my mineralogical, botanical, and zoological riches, when the accident happened to the Scotia.\r\n\r\nI was perfectly up in the subject which was the question of the day. How could I be otherwise? I had read and reread all the American and European papers without being any nearer a conclusion. This mystery puzzled me. Under the impossibility of forming an opinion, I jumped from one extreme to the other. That there really was something could not be doubted, and the incredulous were invited to put their finger on the wound of the Scotia.",
      "all_content": "Originally published on Wednesday, September 26th, 2018 @ 12:21 PM by Captain Nemo (captain):\nAt the period when these events took place, I had just returned from a scientific research in the disagreeable territory of Nebraska, in the United States. In virtue of my office as Assistant Professor in the Museum of Natural History in Paris, the French Government had attached me to that expedition. After six months in Nebraska, I arrived in New York towards the end of March, laden with a precious collection. My departure for France was fixed for the first days in May. Meanwhile I was occupying myself in classifying my mineralogical, botanical, and zoological riches, when the accident happened to the Scotia.\r\n\r\nI was perfectly up in the subject which was the question of the day. How could I be otherwise? I had read and reread all the American and European papers without being any nearer a conclusion. This mystery puzzled me. Under the impossibility of forming an opinion, I jumped from one extreme to the other. That there really was something could not be doubted, and the incredulous were invited to put their finger on the wound of the Scotia.",
      "last_updated": "2018-09-26T16:21:35.905Z",
      "last_update_content": "Originally published on Wednesday, September 26th, 2018 @ 12:21 PM by Captain Nemo (captain):\nAt the period when these events took place, I had just returned from a scientific research in the disagreeable territory of Nebraska, in the United States. In virtue of my office as Assistant Professor in the Museum of Natural History in Paris, the French Government had attached me to that expedition. After six months in Nebraska, I arrived in New York towards the end of March, laden with a precious collection. My departure for France was fixed for the first days in May. Meanwhile I was occupying myself in classifying my mineralogical, botanical, and zoological riches, when the accident happened to the Scotia.\r\n\r\nI was perfectly up in the subject which was the question of the day. How could I be otherwise? I had read and reread all the American and European papers without being any nearer a conclusion. This mystery puzzled me. Under the impossibility of forming an opinion, I jumped from one extreme to the other. That there really was something could not be doubted, and the incredulous were invited to put their finger on the wound of the Scotia.",
      "archived": true,
      "update_count": 0
    }
  },
  {
    "model": "NEMO.news",
    "pk": 3,
    "fields": {
      "title": "Chapter 3: I Form My Resolution",
      "pinned": false,
      "created": "2018-09-26T16:22:04.841Z",
      "original_content": "Originally published on Wednesday, September 26th, 2018 @ 12:22 PM by Captain Nemo (captain):\nThree seconds before the arrival of J. B. Hobson's letter I no more thought of pursuing the unicorn than of attempting the passage of the North Sea. Three seconds after reading the letter of the honourable Secretary of Marine, I felt that my true vocation, the sole end of my life, was to chase this disturbing monster and purge it from the world.\r\n\r\nBut I had just returned from a fatiguing journey, weary and longing for repose. I aspired to nothing more than again seeing my country, my friends, my little lodging by the Jardin des Plantes, my dear and precious collections—but nothing could keep me back! I forgot all—fatigue, friends and collections—and accepted without hesitation the offer of the American Government.\r\n\r\n\"Besides,\" thought I, \"all roads lead back to Europe; and the unicorn may be amiable enough to hurry me towards the coast of France. This worthy animal may allow itself to be caught in the seas of Europe (for my particular benefit), and I will not bring back less than half a yard of his ivory halberd to the Museum of Natural History.\" But in the meanwhile I must seek this narwhal in the North Pacific Ocean, which, to return to France, was taking the road to the antipodes.",
      "all_content": "Originally published on Wednesday, September 26th, 2018 @ 12:22 PM by Captain Nemo (captain):\nThree seconds before the arrival of J. B. Hobson's letter I no more thought of pursuing the unicorn than of attempting the passage of the North Sea. Three seconds after reading the letter of the honourable Secretary of Marine, I felt that my true vocation, the sole end of my life, was to chase this disturbing monster and purge it from the world.\r\n\r\nBut I had just returned from a fatiguing journey, weary and longing for repose. I aspired to nothing more than again seeing my country, my friends, my little lodging by the Jardin des Plantes, my dear and precious collections—but nothing could keep me back! I forgot all—fatigue, friends and collections—and accepted without hesitation the offer of the American Government.\r\n\r\n\"Besides,\" thought I, \"all roads lead back to Europe; and the unicorn may be amiable enough to hurry me towards the coast of France. This worthy animal may allow itself to be caught in the seas of Europe (for my particular benefit), and I will not bring back less than half a yard of his ivory halberd to the Museum of Natural History.\" But in the meanwhile I must seek this narwhal in the North Pacific Ocean, which, to return to France, was taking the road to the antipodes.",
      "last_updated": "2018-09-26T16:22:04.841Z",
      "last_update_content": "Originally published on Wednesday, September 26th, 2018 @ 12:22 PM by Captain Nemo (captain):\nThree seconds before the arrival of J. B. Hobson's letter I no more thought of pursuing the unicorn than of attempting the passage of the North Sea. Three seconds after reading the letter of the honourable Secretary of Marine, I felt that my true vocation, the sole end of my life, was to chase this disturbing monster and purge it from the world.\r\n\r\nBut I had just returned from a fatiguing journey, weary and longing for repose. I aspired to nothing more than again seeing my country, my friends, my little lodging by the Jardin des Plantes, my dear and precious collections—but nothing could keep me back! I forgot all—fatigue, friends and collections—and accepted without hesitation the offer of the American Government.\r\n\r\n\"Besides,\" thought I, \"all roads lead back to Europe; and the unicorn may be amiable enough to hurry me towards the coast of France. This worthy animal may allow itself to be caught in the seas of Europe (for my particular benefit), and I will not bring back less than half a yard of his ivory halberd to the Museum of Natural History.\" But in the meanwhile I must seek this narwhal in the North Pacific Ocean, which, to return to France, was taking the road to the antipodes.",
      "archived": true,
      "update_count": 0
    }
  },
  {
    "model": "NEMO.news",
    "pk": 4,
    "fields": {
      "title": "Chapter 4: Ned Land",
      "pinned": false,
      "created": "2018-09-26T16:22:32.231Z",
      "original_content": "Originally published on Wednesday, September 26th, 2018 @ 12:22 PM by Captain Nemo (captain):\nCaptain Farragut was a good seaman, worthy of the frigate he commanded. His vessel and he were one. He was the soul of it. On the question of the monster there was no doubt in his mind, and he would not allow the existence of the animal to be disputed on board. He believed in it, as certain good women believe in the leviathan—by faith, not by reason. The monster did exist, and he had sworn to rid the seas of it. Either Captain Farragut would kill the narwhal, or the narwhal would kill the captain. There was no third course.",
      "all_content": "Originally published on Wednesday, September 26th, 2018 @ 12:22 PM by Captain Nemo (captain):\nCaptain Farragut was a good seaman, worthy of the frigate he commanded. His vessel and he were one. He was the soul of it. On the question of the monster there was no doubt in his mind, and he would not allow the existence of the animal to be disputed on board. He believed in it, as certain good women believe in the leviathan—by faith, not by reason. The monster did exist, and he had sworn to rid the seas of it. Either Captain Farragut would kill the narwhal, or the narwhal would kill the captain. There was no third course.",
      "last_updated": "2018-09-26T16:22:32.231Z",
      "last_update_content": "Originally published on Wednesday, September 26th, 2018 @ 12:22 PM by Captain Nemo (captain):\nCaptain Farragut was a good seaman, worthy of the frigate he commanded. His vessel and he were one. He was the soul of it. On the question of the monster there was no doubt in his mind, and he would not allow the existence of the animal to be disputed on board. He believed in it, as certain good women believe in the leviathan—by faith, not by reason. The monster did exist, and he had sworn to rid the seas of it. Either Captain Farragut would kill the narwhal, or the narwhal would kill the captain. There was no third course.",
      "archived": true,
      "update_count": 0
    }
  },
  {
    "model": "NEMO.news",
    "pk": 5,
    "fields": {
      "title": "Chapter 5: At a Venture",
      "pinned": false,
      "created": "2018-09-26T16:22:53.552Z",
      "original_content": "Originally published on Wednesday, September 26th, 2018 @ 12:22 PM by Captain Nemo (captain):\nThe voyage of the Abraham Lincoln was for a long time marked by no special incident. But one circumstance happened which showed the wonderful dexterity of Ned Land, and proved what confidence we might place in him.\r\n\r\nThe 30th of June, the frigate spoke some American whalers, from whom we learned that they knew nothing about the narwhal. But one of them, the captain of the Monroe, knowing that Ned Land had shipped on board the Abraham Lincoln, begged for his help in chasing a whale they had in sight. Commander Farragut, desirous of seeing Ned Land at work, gave him permission to go on board the Monroe. And fate served our Canadian so well that, instead of one whale, he harpooned two with a double blow, striking one straight to the heart, and catching the other after some minutes' pursuit.",
      "all_content": "Originally published on Wednesday, September 26th, 2018 @ 12:22 PM by Captain Nemo (captain):\nThe voyage of the Abraham Lincoln was for a long time marked by no special incident. But one circumstance happened which showed the wonderful dexterity of Ned Land, and proved what confidence we might place in him.\r\n\r\nThe 30th of June, the frigate spoke some American whalers, from whom we learned that they knew nothing about the narwhal. But one of them, the captain of the Monroe, knowing that Ned Land had shipped on board the Abraham Lincoln, begged for his help in chasing a whale they had in sight. Commander Farragut, desirous of seeing Ned Land at work, gave him permission to go on board the Monroe. And fate served our Canadian so well that, instead of one whale, he harpooned two with a double blow, striking one straight to the heart, and catching the other after some minutes' pursuit.",
      "last_updated": "2018-09-26T16:22:53.552Z",
      "last_update_content": "Originally published on Wednesday, September 26th, 2018 @ 12:22 PM by Captain Nemo (captain):\nThe voyage of the Abraham Lincoln was for a long time marked by no special incident. But one circumstance happened which showed the wonderful dexterity of Ned Land, and proved what confidence we might place in him.\r\n\r\nThe 30th of June, the frigate spoke some American whalers, from whom we learned that they knew nothing about the narwhal. But one of them, the captain of the Monroe, knowing that Ned Land had shipped on board the Abraham Lincoln, begged for his help in chasing a whale they had in sight. Commander Farragut, desirous of seeing Ned Land at work, gave him permission to go on board the Monroe. And fate served our Canadian so well that, instead of one whale, he harpooned two with a double blow, striking one straight to the heart, and catching the other after some minutes' pursuit.",
      "archived": true,
      "update_count": 0
    }
  },
  {
    "model": "NEMO.news",
    "pk": 6,
    "fields": {
      "title": "Chapter 6: At Full Steam",
      "pinned": false,
      "created": "2018-09-26T16:23:15.994Z",
      "original_content": "Originally published on Wednesday, September 26th, 2018 @ 12:23 PM by Captain Nemo (captain):\nAt this cry the whole ship's crew hurried towards the harpooner—commander, officers, masters, sailors, cabin boys; even the engineers left their engines, and the stokers their furnaces.\r\n\r\nThe order to stop her had been given, and the frigate now simply went on by her own momentum. The darkness was then profound, and, however good the Canadian's eyes were, I asked myself how he had managed to see, and what he had been able to see. My heart beat as if it would break. But Ned Land was not mistaken, and we all perceived the object he pointed to. At two cables' length from the Abraham Lincoln, on the starboard quarter, the sea seemed to be illuminated all over. It was not a mere phosphoric phenomenon. The monster emerged some fathoms from the water, and then threw out that very intense but mysterious light mentioned in the report of several captains. This magnificent irradiation must have been produced by an agent of great SHINING power. The luminous part traced on the sea an immense oval, much elongated, the centre of which condensed a burning heat, whose overpowering brilliancy died out by successive gradations.",
      "all_content": "Originally published on Wednesday, September 26th, 2018 @ 12:23 PM by Captain Nemo (captain):\nAt this cry the whole ship's crew hurried towards the harpooner—commander, officers, masters, sailors, cabin boys; even the engineers left their engines, and the stokers their furnaces.\r\n\r\nThe order to stop her had been given, and the frigate now simply went on by her own momentum. The darkness was then profound, and, however good the Canadian's eyes were, I asked myself how he had managed to see, and what he had been able to see. My heart beat as if it would break. But Ned Land was not mistaken, and we all perceived the object he pointed to. At two cables' length from the Abraham Lincoln, on the starboard quarter, the sea seemed to be illuminated all over. It was not a mere phosphoric phenomenon. The monster emerged some fathoms from the water, and then threw out that very intense but mysterious light mentioned in the report of several captains. This magnificent irradiation must have been produced by an agent of great SHINING power. The luminous part traced on the sea an immense oval, much elongated, the centre of which condensed a burning heat, whose overpowering brilliancy died out by successive gradations.",
      "last_updated": "2018-09-26T16:23:15.994Z",
      "last_update_content": "Originally published on Wednesday, September 26th, 2018 @ 12:23 PM by Captain Nemo (captain):\nAt this cry the whole ship's crew hurried towards the harpooner—commander, officers, masters, sailors, cabin boys; even the engineers left their engines, and the stokers their furnaces.\r\n\r\nThe order to stop her had been given, and the frigate now simply went on by her own momentum. The darkness was then profound, and, however good the Canadian's eyes were, I asked myself how he had managed to see, and what he had been able to see. My heart beat as if it would break. But Ned Land was not mistaken, and we all perceived the object he pointed to. At two cables' length from the Abraham Lincoln, on the starboard quarter, the sea seemed to be illuminated all over. It was not a mere phosphoric phenomenon. The monster emerged some fathoms from the water, and then threw out that very intense but mysterious light mentioned in the report of several captains. This magnificent irradiation must have been produced by an agent of great SHINING power. The luminous part traced on the sea an immense oval, much elongated, the centre of which condensed a burning heat, whose overpowering brilliancy died out by successive gradations.",
      "archived": true,
      "update_count": 0
    }
  },
  {
    "model": "NEMO.news",
    "pk": 7,
    "fields": {
      "title": "Chapter 7: An Unknown Species of Whale",
      "pinned": false,
      "created": "2018-09-26T16:23:59.649Z",
      "original_content": "Originally published on Wednesday, September 26th, 2018 @ 12:23 PM by Captain Nemo (captain):\nThis unexpected fall so stunned me that I have no clear recollection of my sensations at the time. I was at first drawn down to a depth of about twenty feet. I am a good swimmer (though without pretending to rival Byron or Edgar Poe, who were masters of the art), and in that plunge I did not lose my presence of mind. Two vigorous strokes brought me to the surface of the water. My first care was to look for the frigate. Had the crew seen me disappear? Had the Abraham Lincoln veered round? Would the captain put out a boat? Might I hope to be saved?",
      "all_content": "Originally published on Wednesday, September 26th, 2018 @ 12:23 PM by Captain Nemo (captain):\nThis unexpected fall so stunned me that I have no clear recollection of my sensations at the time. I was at first drawn down to a depth of about twenty feet. I am a good swimmer (though without pretending to rival Byron or Edgar Poe, who were masters of the art), and in that plunge I did not lose my presence of mind. Two vigorous strokes brought me to the surface of the water. My first care was to look for the frigate. Had the crew seen me disappear? Had the Abraham Lincoln veered round? Would the captain put out a boat? Might I hope to be saved?",
      "last_updated": "2018-09-26T16:23:59.649Z",
      "last_update_content": "Originally published on Wednesday, September 26th, 2018 @ 12:23 PM by Captain Nemo (captain):\nThis unexpected fall so stunned me that I have no clear recollection of my sensations at the time. I was at first drawn down to a depth of about twenty feet. I am a good swimmer (though without pretending to rival Byron or Edgar Poe, who were masters of the art), and in that plunge I did not lose my presence of mind. Two vigorous strokes brought me to the surface of the water. My first care was to look for the frigate. Had the crew seen me disappear? Had the Abraham Lincoln veered round? Would the captain put out a boat? Might I hope to be saved?",
      "archived": true,
      "update_count": 0
    }
  },
  {
    "model": "NEMO.news",
    "pk": 8,
    "fields": {
      "title": "Chapter 8: Mobilis in Mobili",
      "pinned": false,
      "created": "2018-09-26T16:24:49.489Z",
      "original_content": "Originally published on Wednesday, September 26th, 2018 @ 12:24 PM by Captain Nemo (captain):\nThis forcible abduction, so roughly carried out, was accomplished with the rapidity of lightning. I shivered all over. Whom had we to deal with? No doubt some new sort of pirates, who explored the sea in their own way. Hardly had the narrow panel closed upon me, when I was enveloped in darkness. My eyes, dazzled with the outer light, could distinguish nothing. I felt my naked feet cling to the rungs of an iron ladder. Ned Land and Conseil, firmly seized, followed me. At the bottom of the ladder, a door opened, and shut after us immediately with a bang.",
      "all_content": "Originally published on Wednesday, September 26th, 2018 @ 12:24 PM by Captain Nemo (captain):\nThis forcible abduction, so roughly carried out, was accomplished with the rapidity of lightning. I shivered all over. Whom had we to deal with? No doubt some new sort of pirates, who explored the sea in their own way. Hardly had the narrow panel closed upon me, when I was enveloped in darkness. My eyes, dazzled with the outer light, could distinguish nothing. I felt my naked feet cling to the rungs of an iron ladder. Ned Land and Conseil, firmly seized, followed me. At the bottom of the ladder, a door opened, and shut after us immediately with a bang.",
      "last_updated": "2018-09-26T16:24:49.489Z",
      "last_update_content": "Originally published on Wednesday, September 26th, 2018 @ 12:24 PM by Captain Nemo (captain):\nThis forcible abduction, so roughly carried out, was accomplished with the rapidity of lightning. I shivered all over. Whom had we to deal with? No doubt some new sort of pirates, who explored the sea in their own way. Hardly had the narrow panel closed upon me, when I was enveloped in darkness. My eyes, dazzled with the outer light, could distinguish nothing. I felt my naked feet cling to the rungs of an iron ladder. Ned Land and Conseil, firmly seized, followed me. At the bottom of the ladder, a door opened, and shut after us immediately with a bang.",
      "archived": true,
      "update_count": 0
    }
  },
  {
    "model": "NEMO.news",
    "pk": 9,
    "fields": {
      "title": "Chapter 9: Ned Land's Tempers",
      "pinned": false,
      "created": "2018-09-26T16:25:28.726Z",
      "original_content": "Originally published on Wednesday, September 26th, 2018 @ 12:25 PM by Captain Nemo (captain):\nHow long we slept I do not know; but our sleep must have lasted long, for it rested us completely from our fatigues. I woke first. My companions had not moved, and were still stretched in their corner.\r\n\r\nHardly roused from my somewhat hard couch, I felt my brain freed, my mind clear. I then began an attentive examination of our cell. Nothing was changed inside. The prison was still a prison—the prisoners, prisoners. However, the steward, during our sleep, had cleared the table. I breathed with difficulty. The heavy air seemed to oppress my lungs. Although the cell was large, we had evidently consumed a great part of the oxygen that it contained. Indeed, each man consumes, in one hour, the oxygen contained in more than 176 pints of air, and this air, charged (as then) with a nearly equal quantity of carbonic acid, becomes unbreathable.",
      "all_content": "Originally published on Wednesday, September 26th, 2018 @ 12:25 PM by Captain Nemo (captain):\nHow long we slept I do not know; but our sleep must have lasted long, for it rested us completely from our fatigues. I woke first. My companions had not moved, and were still stretched in their corner.\r\n\r\nHardly roused from my somewhat hard couch, I felt my brain freed, my mind clear. I then began an attentive examination of our cell. Nothing was changed inside. The prison was still a prison—the prisoners, prisoners. However, the steward, during our sleep, had cleared the table. I breathed with difficulty. The heavy air seemed to oppress my lungs. Although the cell was large, we had evidently consumed a great part of the oxygen that it contained. Indeed, each man consumes, in one hour, the oxygen contained in more than 176 pints of air, and this air, charged (as then) with a nearly equal quantity of carbonic acid, becomes unbreathable.",
      "last_updated": "2018-09-26T16:25:28.726Z",
      "last_update_content": "Originally published on Wednesday, September 26th, 2018 @ 12:25 PM by Captain Nemo (captain):\nHow long we slept I do not know; but our sleep must have lasted long, for it rested us completely from our fatigues. I woke first. My companions had not moved, and were still stretched in their corner.\r\n\r\nHardly roused from my somewhat hard couch, I felt my brain freed, my mind clear. I then began an attentive examination of our cell. Nothing was changed inside. The prison was still a prison—the prisoners, prisoners. However, the steward, during our sleep, had cleared the table. I breathed with difficulty. The heavy air seemed to oppress my lungs. Although the cell was large, we had evidently consumed a great part of the oxygen that it contained. Indeed, each man consumes, in one hour, the oxygen contained in more than 176 pints of air, and this air, charged (as then) with a nearly equal quantity of carbonic acid, becomes unbreathable.",
      "archived": true,
      "update_count": 0
    }
  },
  {
    "model": "NEMO.news",
    "pk": 10,
    "fields": {
      "title": "Chapter 10: The Man of the Seas",
      "pinned": false,
      "created": "2018-09-26T16:25:48.984Z",
      "original_content": "Originally published on Wednesday, September 26th, 2018 @ 12:25 PM by Captain Nemo (captain):\nIt was the commander of the vessel who thus spoke.\r\n\r\nAt these words, Ned Land rose suddenly. The steward, nearly strangled, tottered out on a sign from his master. But such was the power of the commander on board, that not a gesture betrayed the resentment which this man must have felt towards the Canadian. Conseil interested in spite of himself, I stupefied, awaited in silence the result of this scene.\r\n\r\nThe commander, leaning against the corner of a table with his arms folded, scanned us with profound attention. Did he hesitate to speak? Did he regret the words which he had just spoken in French? One might almost think so.",
      "all_content": "Originally published on Wednesday, September 26th, 2018 @ 12:25 PM by Captain Nemo (captain):\nIt was the commander of the vessel who thus spoke.\r\n\r\nAt these words, Ned Land rose suddenly. The steward, nearly strangled, tottered out on a sign from his master. But such was the power of the commander on board, that not a gesture betrayed the resentment which this man must have felt towards the Canadian. Conseil interested in spite of himself, I stupefied, awaited in silence the result of this scene.\r\n\r\nThe commander, leaning against the corner of a table with his arms folded, scanned us with profound attention. Did he hesitate to speak? Did he regret the words which he had just spoken in French? One might almost think so.",
      "last_updated": "2018-09-26T16:25:48.984Z",
      "last_update_content": "Originally published on Wednesday, September 26th, 2018 @ 12:25 PM by Captain Nemo (captain):\nIt was the commander of the vessel who thus spoke.\r\n\r\nAt these words, Ned Land rose suddenly. The steward, nearly strangled, tottered out on a sign from his master. But such was the power of the commander on board, that not a gesture betrayed the resentment which this man must have felt towards the Canadian. Conseil interested in spite of himself, I stupefied, awaited in silence the result of this scene.\r\n\r\nThe commander, leaning against the corner of a table with his arms folded, scanned us with profound attention. Did he hesitate to speak? Did he regret the words which he had just spoken in French? One might almost think so.",
      "archived": true,
      "update_count": 0
    }
  },
  {
    "model": "NEMO.news",
    "pk": 11,
    "fields": {
      "title": "Chapter 11: All by Electricity",
      "pinned": false,
      "created": "2018-09-26T16:26:15.372Z",
      "original_content": "Originally published on Wednesday, September 26th, 2018 @ 12:26 PM by Captain Nemo (captain):\n\"Sir,\" said Captain Nemo, showing me the instruments hanging on the walls of his room, \"here are the contrivances required for the navigation of the Nautilus. Here, as in the drawing-room, I have them always under my eyes, and they indicate my position and exact direction in the middle of the ocean. Some are known to you, such as the thermometer, which gives the internal temperature of the Nautilus; the barometer, which indicates the weight of the air and foretells the changes of the weather; the hygrometer, which marks the dryness of the atmosphere; the storm-glass, the contents of which, by decomposing, announce the approach of tempests; the compass, which guides my course; the sextant, which shows the latitude by the altitude of the sun; chronometers, by which I calculate the longitude; and glasses for day and night, which I use to examine the points of the horizon, when the Nautilus rises to the surface of the waves.\"",
      "all_content": "Originally published on Wednesday, September 26th, 2018 @ 12:26 PM by Captain Nemo (captain):\n\"Sir,\" said Captain Nemo, showing me the instruments hanging on the walls of his room, \"here are the contrivances required for the navigation of the Nautilus. Here, as in the drawing-room, I have them always under my eyes, and they indicate my position and exact direction in the middle of the ocean. Some are known to you, such as the thermometer, which gives the internal temperature of the Nautilus; the barometer, which indicates the weight of the air and foretells the changes of the weather; the hygrometer, which marks the dryness of the atmosphere; the storm-glass, the contents of which, by decomposing, announce the approach of tempests; the compass, which guides my course; the sextant, which shows the latitude by the altitude of the sun; chronometers, by which I calculate the longitude; and glasses for day and night, which I use to examine the points of the horizon, when the Nautilus rises to the surface of the waves.\"",
      "last_updated": "2018-09-26T16:26:15.372Z",
      "last_update_content": "Originally published on Wednesday, September 26th, 2018 @ 12:26 PM by Captain Nemo (captain):\n\"Sir,\" said Captain Nemo, showing me the instruments hanging on the walls of his room, \"here are the contrivances required for the navigation of the Nautilus. Here, as in the drawing-room, I have them always under my eyes, and they indicate my position and exact direction in the middle of the ocean. Some are known to you, such as the thermometer, which gives the internal temperature of the Nautilus; the barometer, which indicates the weight of the air and foretells the changes of the weather; the hygrometer, which marks the dryness of the atmosphere; the storm-glass, the contents of which, by decomposing, announce the approach of tempests; the compass, which guides my course; the sextant, which shows the latitude by the altitude of the sun; chronometers, by which I calculate the longitude; and glasses for day and night, which I use to examine the points of the horizon, when the Nautilus rises to the surface of the waves.\"",
      "archived": true,
      "update_count": 0
    }
  },
  {
    "model": "NEMO.news",
    "pk": 12,
    "fields": {
      "title": "Chapter 12: Some Figures",
      "pinned": false,
      "created": "2018-09-26T16:26:37.920Z",
      "original_content": "Originally published on Wednesday, September 26th, 2018 @ 12:26 PM by Captain Nemo (captain):\nA moment after we were seated on a divan in the saloon smoking. The Captain showed me a sketch that gave the plan, section, and elevation of the Nautilus. Then he began his description in these words:\r\n\r\n\"Here, M. Aronnax, are the several dimensions of the boat you are in. It is an elongated cylinder with conical ends. It is very like a cigar in shape, a shape already adopted in London in several constructions of the same sort. The length of this cylinder, from stem to stern, is exactly 232 feet, and its maximum breadth is twenty-six feet. It is not built quite like your long-voyage steamers, but its lines are sufficiently long, and its curves prolonged enough, to allow the water to slide off easily, and oppose no obstacle to its passage. These two dimensions enable you to obtain by a simple calculation the surface and cubic contents of the Nautilus. Its area measures 6,032 feet; and its contents about 1,500 cubic yards; that is to say, when completely immersed it displaces 50,000 feet of water, or weighs 1,500 tons.",
      "all_content": "Originally published on Wednesday, September 26th, 2018 @ 12:26 PM by Captain Nemo (captain):\nA moment after we were seated on a divan in the saloon smoking. The Captain showed me a sketch that gave the plan, section, and elevation of the Nautilus. Then he began his description in these words:\r\n\r\n\"Here, M. Aronnax, are the several dimensions of the boat you are in. It is an elongated cylinder with conical ends. It is very like a cigar in shape, a shape already adopted in London in several constructions of the same sort. The length of this cylinder, from stem to stern, is exactly 232 feet, and its maximum breadth is twenty-six feet. It is not built quite like your long-voyage steamers, but its lines are sufficiently long, and its curves prolonged enough, to allow the water to slide off easily, and oppose no obstacle to its passage. These two dimensions enable you to obtain by a simple calculation the surface and cubic contents of the Nautilus. Its area measures 6,032 feet; and its contents about 1,500 cubic yards; that is to say, when completely immersed it displaces 50,000 feet of water, or weighs 1,500 tons.",
      "last_updated": "2018-09-26T16:26:37.920Z",
      "last_update_content": "Originally published on Wednesday, September 26th, 2018 @ 12:26 PM by Captain Nemo (captain):\nA moment after we were seated on a divan in the saloon smoking. The Captain showed me a sketch that gave the plan, section, and elevation of the Nautilus. Then he began his description in these words:\r\n\r\n\"Here, M. Aronnax, are the several dimensions of the boat you are in. It is an elongated cylinder with conical ends. It is very like a cigar in shape, a shape already adopted in London in several constructions of the same sort. The length of this cylinder, from stem to stern, is exactly 232 feet, and its maximum breadth is twenty-six feet. It is not built quite like your long-voyage steamers, but its lines are sufficiently long, and its curves prolonged enough, to allow the water to slide off easily, and oppose no obstacle to its passage. These two dimensions enable you to obtain by a simple calculation the surface and cubic contents of the Nautilus. Its area measures 6,032 feet; and its contents about 1,500 cubic yards; that is to say, when completely immersed it displaces 50,000 feet of water, or weighs 1,500 tons.",
      "archived": true,
      "update_count": 0
    }
  },
  {
    "model": "NEMO.news",
    "pk": 13,
    "fields": {
      "title": "Chapter 13: The Black River",
      "pinned": false,
      "created": "2018-09-26T16:27:03.803Z",
      "original_content": "Originally published on Wednesday, September 26th, 2018 @ 12:27 PM by Captain Nemo (captain):\nThe portion of the terrestrial globe which is covered by water is estimated at upwards of eighty millions of acres. This fluid mass comprises two billions two hundred and fifty millions of cubic miles, forming a spherical body of a diameter of sixty leagues, the weight of which would be three quintillions of tons. To comprehend the meaning of these figures, it is necessary to observe that a quintillion is to a billion as a billion is to unity; in other words, there are as many billions in a quintillion as there are units in a billion. This mass of fluid is equal to about the quantity of water which would be discharged by all the rivers of the earth in forty thousand years.\r\n\r\nDuring the geological epochs the ocean originally prevailed everywhere. Then by degrees, in the silurian period, the tops of the mountains began to appear, the islands emerged, then disappeared in partial deluges, reappeared, became settled, formed continents, till at length the earth became geographically arranged, as we see in the present day. The solid had wrested from the liquid thirty-seven million six hundred and fifty-seven square miles, equal to twelve billions nine hundred and sixty millions of acres.",
      "all_content": "Originally published on Wednesday, September 26th, 2018 @ 12:27 PM by Captain Nemo (captain):\nThe portion of the terrestrial globe which is covered by water is estimated at upwards of eighty millions of acres. This fluid mass comprises two billions two hundred and fifty millions of cubic miles, forming a spherical body of a diameter of sixty leagues, the weight of which would be three quintillions of tons. To comprehend the meaning of these figures, it is necessary to observe that a quintillion is to a billion as a billion is to unity; in other words, there are as many billions in a quintillion as there are units in a billion. This mass of fluid is equal to about the quantity of water which would be discharged by all the rivers of the earth in forty thousand years.\r\n\r\nDuring the geological epochs the ocean originally prevailed everywhere. Then by degrees, in the silurian period, the tops of the mountains began to appear, the islands emerged, then disappeared in partial deluges, reappeared, became settled, formed continents, till at length the earth became geographically arranged, as we see in the present day. The solid had wrested from the liquid thirty-seven million six hundred and fifty-seven square miles, equal to twelve billions nine hundred and sixty millions of acres.",
      "last_updated": "2018-09-26T16:27:03.803Z",
      "last_update_content": "Originally published on Wednesday, September 26th, 2018 @ 12:27 PM by Captain Nemo (captain):\nThe portion of the terrestrial globe which is covered by water is estimated at upwards of eighty millions of acres. This fluid mass comprises two billions two hundred and fifty millions of cubic miles, forming a spherical body of a diameter of sixty leagues, the weight of which would be three quintillions of tons. To comprehend the meaning of these figures, it is necessary to observe that a quintillion is to a billion as a billion is to unity; in other words, there are as many billions in a quintillion as there are units in a billion. This mass of fluid is equal to about the quantity of water which would be discharged by all the rivers of the earth in forty thousand years.\r\n\r\nDuring the geological epochs the ocean originally prevailed everywhere. Then by degrees, in the silurian period, the tops of the mountains began to appear, the islands emerged, then disappeared in partial deluges, reappeared, became settled, formed continents, till at length the earth became geographically arranged, as we see in the present day. The solid had wrested from the liquid thirty-seven million six hundred and fifty-seven square miles, equal to twelve billions nine hundred and sixty millions of acres.",
      "archived": true,
      "update_count": 0
    }
  },
  {
    "model": "NEMO.news",
    "pk": 14,
    "fields": {
      "title": "Chapter 14: A Note of Initation",
      "pinned": false,
      "created": "2018-09-26T16:27:47.313Z",
      "original_content": "Originally published on Wednesday, September 26th, 2018 @ 12:27 PM by Captain Nemo (captain):\nThe next day was the 9th of November. I awoke after a long sleep of twelve hours. Conseil came, according to custom, to know \"how I passed the night,\" and to offer his services. He had left his friend the Canadian sleeping like a man who had never done anything else all his life. I let the worthy fellow chatter as he pleased, without caring to answer him. I was preoccupied by the absence of the Captain during our sitting of the day before, and hoping to see him to-day.\r\n\r\nAs soon as I was dressed I went into the saloon. It was deserted. I plunged into the study of the shell treasures hidden behind the glasses.\r\n\r\nThe whole day passed without my being honoured by a visit from Captain Nemo. The panels of the saloon did not open. Perhaps they did not wish us to tire of these beautiful things.",
      "all_content": "Originally published on Wednesday, September 26th, 2018 @ 12:27 PM by Captain Nemo (captain):\nThe next day was the 9th of November. I awoke after a long sleep of twelve hours. Conseil came, according to custom, to know \"how I passed the night,\" and to offer his services. He had left his friend the Canadian sleeping like a man who had never done anything else all his life. I let the worthy fellow chatter as he pleased, without caring to answer him. I was preoccupied by the absence of the Captain during our sitting of the day before, and hoping to see him to-day.\r\n\r\nAs soon as I was dressed I went into the saloon. It was deserted. I plunged into the study of the shell treasures hidden behind the glasses.\r\n\r\nThe whole day passed without my being honoured by a visit from Captain Nemo. The panels of the saloon did not open. Perhaps they did not wish us to tire of these beautiful things.",
      "last_updated": "2018-09-26T16:27:47.313Z",
      "last_update_content": "Originally published on Wednesday, September 26th, 2018 @ 12:27 PM by Captain Nemo (captain):\nThe next day was the 9th of November. I awoke after a long sleep of twelve hours. Conseil came, according to custom, to know \"how I passed the night,\" and to offer his services. He had left his friend the Canadian sleeping like a man who had never done anything else all his life. I let the worthy fellow chatter as he pleased, without caring to answer him. I was preoccupied by the absence of the Captain during our sitting of the day before, and hoping to see him to-day.\r\n\r\nAs soon as I was dressed I went into the saloon. It was deserted. I plunged into the study of the shell treasures hidden behind the glasses.\r\n\r\nThe whole day passed without my being honoured by a visit from Captain Nemo. The panels of the saloon did not open. Perhaps they did not wish us to tire of these beautiful things.",
      "archived": true,
      "update_count": 0
    }
  },
  {
    "model": "NEMO.news",
    "pk": 15,
    "fields": {
      "title": "Chapter 15: A Walk on the Bottom of the Sea",
      "pinned": false,
      "created": "2018-09-26T16:28:11.889Z",
      "original_content": "Originally published on Wednesday, September 26th, 2018 @ 12:28 PM by Captain Nemo (captain):\nThis cell was, to speak correctly, the arsenal and wardrobe of the Nautilus. A dozen diving apparatuses hung from the partition waiting our use.\r\n\r\nNed Land, on seeing them, showed evident repugnance to dress himself in one.\r\n\r\n\"But, my worthy Ned, the forests of the Island of Crespo are nothing but submarine forests.\"\r\n\r\n\"Good!\" said the disappointed harpooner, who saw his dreams of fresh meat fade away. \"And you, M. Aronnax, are you going to dress yourself in those clothes?\"\r\n\r\n\"There is no alternative, Master Ned.\"\r\n\r\n\"As you please, sir,\" replied the harpooner, shrugging his shoulders; \"but, as for me, unless I am forced, I will never get into one.\"\r\n\r\n\"No one will force you, Master Ned,\" said Captain Nemo.\r\n\r\n\"Is Conseil going to risk it?\" asked Ned.\r\n\r\n\"I follow my master wherever he goes,\" replied Conseil.",
      "all_content": "Originally published on Wednesday, September 26th, 2018 @ 12:28 PM by Captain Nemo (captain):\nThis cell was, to speak correctly, the arsenal and wardrobe of the Nautilus. A dozen diving apparatuses hung from the partition waiting our use.\r\n\r\nNed Land, on seeing them, showed evident repugnance to dress himself in one.\r\n\r\n\"But, my worthy Ned, the forests of the Island of Crespo are nothing but submarine forests.\"\r\n\r\n\"Good!\" said the disappointed harpooner, who saw his dreams of fresh meat fade away. \"And you, M. Aronnax, are you going to dress yourself in those clothes?\"\r\n\r\n\"There is no alternative, Master Ned.\"\r\n\r\n\"As you please, sir,\" replied the harpooner, shrugging his shoulders; \"but, as for me, unless I am forced, I will never get into one.\"\r\n\r\n\"No one will force you, Master Ned,\" said Captain Nemo.\r\n\r\n\"Is Conseil going to risk it?\" asked Ned.\r\n\r\n\"I follow my master wherever he goes,\" replied Conseil.",
      "last_updated": "2018-09-26T16:28:11.889Z",
      "last_update_content": "Originally published on Wednesday, September 26th, 2018 @ 12:28 PM by Captain Nemo (captain):\nThis cell was, to speak correctly, the arsenal and wardrobe of the Nautilus. A dozen diving apparatuses hung from the partition waiting our use.\r\n\r\nNed Land, on seeing them, showed evident repugnance to dress himself in one.\r\n\r\n\"But, my worthy Ned, the forests of the Island of Crespo are nothing but submarine forests.\"\r\n\r\n\"Good!\" said the disappointed harpooner, who saw his dreams of fresh meat fade away. \"And you, M. Aronnax, are you going to dress yourself in those clothes?\"\r\n\r\n\"There is no alternative, Master Ned.\"\r\n\r\n\"As you please, sir,\" replied the harpooner, shrugging his shoulders; \"but, as for me, unless I am forced, I will never get into one.\"\r\n\r\n\"No one will force you, Master Ned,\" said Captain Nemo.\r\n\r\n\"Is Conseil going to risk it?\" asked Ned.\r\n\r\n\"I follow my master wherever he goes,\" replied Conseil.",
      "archived": true,
      "update_count": 0
    }
  },
  {
    "model": "NEMO.news",
    "pk": 16,
    "fields": {
      "title": "Chapter 16: A Submarine Forest",
      "pinned": false,
      "created": "2018-09-26T16:28:33.408Z",
      "original_content": "Originally published on Wednesday, September 26th, 2018 @ 12:28 PM by Captain Nemo (captain):\nWe had at last arrived on the borders of this forest, doubtless one of the finest of Captain Nemo's immense domains. He looked upon it as his own, and considered he had the same right over it that the first men had in the first days of the world. And, indeed, who would have disputed with him the possession of this submarine property? What other hardier pioneer would come, hatchet in hand, to cut down the dark copses?\r\n\r\nThis forest was composed of large tree-plants; and the moment we penetrated under its vast arcades, I was struck by the singular position of their branches—a position I had not yet observed.\r\n\r\nNot an herb which carpeted the ground, not a branch which clothed the trees, was either broken or bent, nor did they extend horizontally; all stretched up to the surface of the ocean. Not a filament, not a ribbon, however thin they might be, but kept as straight as a rod of iron. The fuci and llianas grew in rigid perpendicular lines, due to the density of the element which had produced them. Motionless yet, when bent to one side by the hand, they directly resumed their former position. Truly it was the region of perpendicularity!",
      "all_content": "Originally published on Wednesday, September 26th, 2018 @ 12:28 PM by Captain Nemo (captain):\nWe had at last arrived on the borders of this forest, doubtless one of the finest of Captain Nemo's immense domains. He looked upon it as his own, and considered he had the same right over it that the first men had in the first days of the world. And, indeed, who would have disputed with him the possession of this submarine property? What other hardier pioneer would come, hatchet in hand, to cut down the dark copses?\r\n\r\nThis forest was composed of large tree-plants; and the moment we penetrated under its vast arcades, I was struck by the singular position of their branches—a position I had not yet observed.\r\n\r\nNot an herb which carpeted the ground, not a branch which clothed the trees, was either broken or bent, nor did they extend horizontally; all stretched up to the surface of the ocean. Not a filament, not a ribbon, however thin they might be, but kept as straight as a rod of iron. The fuci and llianas grew in rigid perpendicular lines, due to the density of the element which had produced them. Motionless yet, when bent to one side by the hand, they directly resumed their former position. Truly it was the region of perpendicularity!",
      "last_updated": "2018-09-26T16:28:33.408Z",
      "last_update_content": "Originally published on Wednesday, September 26th, 2018 @ 12:28 PM by Captain Nemo (captain):\nWe had at last arrived on the borders of this forest, doubtless one of the finest of Captain Nemo's immense domains. He looked upon it as his own, and considered he had the same right over it that the first men had in the first days of the world. And, indeed, who would have disputed with him the possession of this submarine property? What other hardier pioneer would come, hatchet in hand, to cut down the dark copses?\r\n\r\nThis forest was composed of large tree-plants; and the moment we penetrated under its vast arcades, I was struck by the singular position of their branches—a position I had not yet observed.\r\n\r\nNot an herb which carpeted the ground, not a branch which clothed the trees, was either broken or bent, nor did they extend horizontally; all stretched up to the surface of the ocean. Not a filament, not a ribbon, however thin they might be, but kept as straight as a rod of iron. The fuci and llianas grew in rigid perpendicular lines, due to the density of the element which had produced them. Motionless yet, when bent to one side by the hand, they directly resumed their former position. Truly it was the region of perpendicularity!",
      "archived": true,
      "update_count": 0
    }
  },
  {
    "model": "NEMO.news",
    "pk": 17,
    "fields": {
      "title": "Chapter 17: Four Thousand Leagues Under the Pacific",
      "pinned": false,
      "created": "2018-09-26T16:29:04.560Z",
      "original_content": "Originally published on Wednesday, September 26th, 2018 @ 12:29 PM by Captain Nemo (captain):\nThe next morning, the 18th of November, I had quite recovered from my fatigues of the day before, and I went up on to the platform, just as the second lieutenant was uttering his daily phrase.\r\n\r\nI was admiring the magnificent aspect of the ocean when Captain Nemo appeared. He did not seem to be aware of my presence, and began a series of astronomical observations. Then, when he had finished, he went and leant on the cage of the watch-light, and gazed abstractedly on the ocean. In the meantime, a number of the sailors of the Nautilus, all strong and healthy men, had come up onto the platform. They came to draw up the nets that had been laid all night. These sailors were evidently of different nations, although the European type was visible in all of them. I recognised some unmistakable Irishmen, Frenchmen, some Sclaves, and a Greek, or a Candiote. They were civil, and only used that odd language among themselves, the origin of which I could not guess, neither could I question them.",
      "all_content": "Originally published on Wednesday, September 26th, 2018 @ 12:29 PM by Captain Nemo (captain):\nThe next morning, the 18th of November, I had quite recovered from my fatigues of the day before, and I went up on to the platform, just as the second lieutenant was uttering his daily phrase.\r\n\r\nI was admiring the magnificent aspect of the ocean when Captain Nemo appeared. He did not seem to be aware of my presence, and began a series of astronomical observations. Then, when he had finished, he went and leant on the cage of the watch-light, and gazed abstractedly on the ocean. In the meantime, a number of the sailors of the Nautilus, all strong and healthy men, had come up onto the platform. They came to draw up the nets that had been laid all night. These sailors were evidently of different nations, although the European type was visible in all of them. I recognised some unmistakable Irishmen, Frenchmen, some Sclaves, and a Greek, or a Candiote. They were civil, and only used that odd language among themselves, the origin of which I could not guess, neither could I question them.",
      "last_updated": "2018-09-26T16:29:04.560Z",
      "last_update_content": "Originally published on Wednesday, September 26th, 2018 @ 12:29 PM by Captain Nemo (captain):\nThe next morning, the 18th of November, I had quite recovered from my fatigues of the day before, and I went up on to the platform, just as the second lieutenant was uttering his daily phrase.\r\n\r\nI was admiring the magnificent aspect of the ocean when Captain Nemo appeared. He did not seem to be aware of my presence, and began a series of astronomical observations. Then, when he had finished, he went and leant on the cage of the watch-light, and gazed abstractedly on the ocean. In the meantime, a number of the sailors of the Nautilus, all strong and healthy men, had come up onto the platform. They came to draw up the nets that had been laid all night. These sailors were evidently of different nations, although the European type was visible in all of them. I recognised some unmistakable Irishmen, Frenchmen, some Sclaves, and a Greek, or a Candiote. They were civil, and only used that odd language among themselves, the origin of which I could not guess, neither could I question them.",
      "archived": true,
      "update_count": 0
    }
  },
  {
    "model": "NEMO.news",
    "pk": 18,
    "fields": {
      "title": "Chapter 18: Vanikoro",
      "pinned": false,
      "created": "2018-09-26T16:29:26.710Z",
      "original_content": "Originally published on Wednesday, September 26th, 2018 @ 12:29 PM by Captain Nemo (captain):\nThis terrible spectacle was the forerunner of the series of maritime catastrophes that the Nautilus was destined to meet with in its route. As long as it went through more frequented waters, we often saw the hulls of shipwrecked vessels that were rotting in the depths, and deeper down cannons, bullets, anchors, chains, and a thousand other iron materials eaten up by rust. However, on the 11th of December we sighted the Pomotou Islands, the old \"dangerous group\" of Bougainville, that extend over a space of 500 leagues at E.S.E. to W.N.W., from the Island Ducie to that of Lazareff. This group covers an area of 370 square leagues, and it is formed of sixty groups of islands, among which the Gambier group is remarkable, over which France exercises sway. These are coral islands, slowly raised, but continuous, created by the daily work of polypi. Then this new island will be joined later on to the neighboring groups, and a fifth continent will stretch from New Zealand and New Caledonia, and from thence to the Marquesas.",
      "all_content": "Originally published on Wednesday, September 26th, 2018 @ 12:29 PM by Captain Nemo (captain):\nThis terrible spectacle was the forerunner of the series of maritime catastrophes that the Nautilus was destined to meet with in its route. As long as it went through more frequented waters, we often saw the hulls of shipwrecked vessels that were rotting in the depths, and deeper down cannons, bullets, anchors, chains, and a thousand other iron materials eaten up by rust. However, on the 11th of December we sighted the Pomotou Islands, the old \"dangerous group\" of Bougainville, that extend over a space of 500 leagues at E.S.E. to W.N.W., from the Island Ducie to that of Lazareff. This group covers an area of 370 square leagues, and it is formed of sixty groups of islands, among which the Gambier group is remarkable, over which France exercises sway. These are coral islands, slowly raised, but continuous, created by the daily work of polypi. Then this new island will be joined later on to the neighboring groups, and a fifth continent will stretch from New Zealand and New Caledonia, and from thence to the Marquesas.",
      "last_updated": "2018-09-26T16:29:26.710Z",
      "last_update_content": "Originally published on Wednesday, September 26th, 2018 @ 12:29 PM by Captain Nemo (captain):\nThis terrible spectacle was the forerunner of the series of maritime catastrophes that the Nautilus was destined to meet with in its route. As long as it went through more frequented waters, we often saw the hulls of shipwrecked vessels that were rotting in the depths, and deeper down cannons, bullets, anchors, chains, and a thousand other iron materials eaten up by rust. However, on the 11th of December we sighted the Pomotou Islands, the old \"dangerous group\" of Bougainville, that extend over a space of 500 leagues at E.S.E. to W.N.W., from the Island Ducie to that of Lazareff. This group covers an area of 370 square leagues, and it is formed of sixty groups of islands, among which the Gambier group is remarkable, over which France exercises sway. These are coral islands, slowly raised, but continuous, created by the daily work of polypi. Then this new island will be joined later on to the neighboring groups, and a fifth continent will stretch from New Zealand and New Caledonia, and from thence to the Marquesas.",
      "archived": true,
      "update_count": 0
    }
  },
  {
    "model": "NEMO.news",
    "pk": 19,
    "fields": {
      "title": "Chapter 19: Torres Straits",
      "pinned": false,
      "created": "2018-09-26T16:29:49.980Z",
      "original_content": "Originally published on Wednesday, September 26th, 2018 @ 12:29 PM by Captain Nemo (captain):\nDuring the night of the 27th or 28th of December, the Nautilus left the shores of Vanikoro with great speed. Her course was south-westerly, and in three days she had gone over the 750 leagues that separated it from La Perouse's group and the south-east point of Papua.\r\n\r\nEarly on the 1st of January, 1863, Conseil joined me on the platform.\r\n\r\n\"Master, will you permit me to wish you a happy New Year?\"\r\n\r\n\"What! Conseil; exactly as if I was at Paris in my study at the Jardin des Plantes? Well, I accept your good wishes, and thank you for them. Only, I will ask you what you mean by a `Happy New Year' under our circumstances? Do you mean the year that will bring us to the end of our imprisonment, or the year that sees us continue this strange voyage?\"",
      "all_content": "Originally published on Wednesday, September 26th, 2018 @ 12:29 PM by Captain Nemo (captain):\nDuring the night of the 27th or 28th of December, the Nautilus left the shores of Vanikoro with great speed. Her course was south-westerly, and in three days she had gone over the 750 leagues that separated it from La Perouse's group and the south-east point of Papua.\r\n\r\nEarly on the 1st of January, 1863, Conseil joined me on the platform.\r\n\r\n\"Master, will you permit me to wish you a happy New Year?\"\r\n\r\n\"What! Conseil; exactly as if I was at Paris in my study at the Jardin des Plantes? Well, I accept your good wishes, and thank you for them. Only, I will ask you what you mean by a `Happy New Year' under our circumstances? Do you mean the year that will bring us to the end of our imprisonment, or the year that sees us continue this strange voyage?\"",
      "last_updated": "2018-09-26T16:29:49.980Z",
      "last_update_content": "Originally published on Wednesday, September 26th, 2018 @ 12:29 PM by Captain Nemo (captain):\nDuring the night of the 27th or 28th of December, the Nautilus left the shores of Vanikoro with great speed. Her course was south-westerly, and in three days she had gone over the 750 leagues that separated it from La Perouse's group and the south-east point of Papua.\r\n\r\nEarly on the 1st of January, 1863, Conseil joined me on the platform.\r\n\r\n\"Master, will you permit me to wish you a happy New Year?\"\r\n\r\n\"What! Conseil; exactly as if I was at Paris in my study at the Jardin des Plantes? Well, I accept your good wishes, and thank you for them. Only, I will ask you what you mean by a `Happy New Year' under our circumstances? Do you mean the year that will bring us to the end of our imprisonment, or the year that sees us continue this strange voyage?\"",
      "archived": true,
      "update_count": 0
    }
  },
  {
    "model": "NEMO.news",
    "pk": 20,
    "fields": {
      "title": "Chapter 20: A Few Days on Land",
      "pinned": false,
      "created": "2018-09-26T16:30:15.341Z",
      "original_content": "Originally published on Wednesday, September 26th, 2018 @ 12:30 PM by Captain Nemo (captain):\nI was much impressed on touching land. Ned Land tried the soil with his feet, as if to take possession of it. However, it was only two months before that we had become, according to Captain Nemo, \"passengers on board the Nautilus,\" but, in reality, prisoners of its commander.\r\n\r\nIn a few minutes we were within musket-shot of the coast. The whole horizon was hidden behind a beautiful curtain of forests. Enormous trees, the trunks of which attained a height of 200 feet, were tied to each other by garlands of bindweed, real natural hammocks, which a light breeze rocked. They were mimosas, figs, hibisci, and palm trees, mingled together in profusion; and under the shelter of their verdant vault grew orchids, leguminous plants, and ferns.\r\n\r\nBut, without noticing all these beautiful specimens of Papuan flora, the Canadian abandoned the agreeable for the useful. He discovered a coco-tree, beat down some of the fruit, broke them, and we drunk the milk and ate the nut with a satisfaction that protested against the ordinary food on the Nautilus.",
      "all_content": "Originally published on Wednesday, September 26th, 2018 @ 12:30 PM by Captain Nemo (captain):\nI was much impressed on touching land. Ned Land tried the soil with his feet, as if to take possession of it. However, it was only two months before that we had become, according to Captain Nemo, \"passengers on board the Nautilus,\" but, in reality, prisoners of its commander.\r\n\r\nIn a few minutes we were within musket-shot of the coast. The whole horizon was hidden behind a beautiful curtain of forests. Enormous trees, the trunks of which attained a height of 200 feet, were tied to each other by garlands of bindweed, real natural hammocks, which a light breeze rocked. They were mimosas, figs, hibisci, and palm trees, mingled together in profusion; and under the shelter of their verdant vault grew orchids, leguminous plants, and ferns.\r\n\r\nBut, without noticing all these beautiful specimens of Papuan flora, the Canadian abandoned the agreeable for the useful. He discovered a coco-tree, beat down some of the fruit, broke them, and we drunk the milk and ate the nut with a satisfaction that protested against the ordinary food on the Nautilus.",
      "last_updated": "2018-09-26T16:30:15.341Z",
      "last_update_content": "Originally published on Wednesday, September 26th, 2018 @ 12:30 PM by Captain Nemo (captain):\nI was much impressed on touching land. Ned Land tried the soil with his feet, as if to take possession of it. However, it was only two months before that we had become, according to Captain Nemo, \"passengers on board the Nautilus,\" but, in reality, prisoners of its commander.\r\n\r\nIn a few minutes we were within musket-shot of the coast. The whole horizon was hidden behind a beautiful curtain of forests. Enormous trees, the trunks of which attained a height of 200 feet, were tied to each other by garlands of bindweed, real natural hammocks, which a light breeze rocked. They were mimosas, figs, hibisci, and palm trees, mingled together in profusion; and under the shelter of their verdant vault grew orchids, leguminous plants, and ferns.\r\n\r\nBut, without noticing all these beautiful specimens of Papuan flora, the Canadian abandoned the agreeable for the useful. He discovered a coco-tree, beat down some of the fruit, broke them, and we drunk the milk and ate the nut with a satisfaction that protested against the ordinary food on the Nautilus.",
      "archived": true,
      "update_count": 0
    }
  },
  {
    "model": "NEMO.news",
    "pk": 21,
    "fields": {
      "title": "Chapter 21: Captain Nemo's Thunderbolt",
      "pinned": false,
      "created": "2018-09-26T16:30:47.234Z",
      "original_content": "Originally published on Wednesday, September 26th, 2018 @ 12:30 PM by Captain Nemo (captain):\nWe looked at the edge of the forest without rising, my hand stopping in the action of putting it to my mouth, Ned Land's completing its office.\r\n\r\n\"Stones do not fall from the sky,\" remarked Conseil, \"or they would merit the name aerolites.\"\r\n\r\nA second stone, carefully aimed, that made a savoury pigeon's leg fall from Conseil's hand, gave still more weight to his observation. We all three arose, shouldered our guns, and were ready to reply to any attack.\r\n\r\n\"Are they apes?\" cried Ned Land.\r\n\r\n\"Very nearly—they are savages.\"\r\n\r\n\"To the boat!\" I said, hurrying to the sea.\r\n\r\nIt was indeed necessary to beat a retreat, for about twenty natives armed with bows and slings appeared on the skirts of a copse that masked the horizon to the right, hardly a hundred steps from us.\r\n\r\nOur boat was moored about sixty feet from us. The savages approached us, not running, but making hostile demonstrations. Stones and arrows fell thickly.",
      "all_content": "Originally published on Wednesday, September 26th, 2018 @ 12:30 PM by Captain Nemo (captain):\nWe looked at the edge of the forest without rising, my hand stopping in the action of putting it to my mouth, Ned Land's completing its office.\r\n\r\n\"Stones do not fall from the sky,\" remarked Conseil, \"or they would merit the name aerolites.\"\r\n\r\nA second stone, carefully aimed, that made a savoury pigeon's leg fall from Conseil's hand, gave still more weight to his observation. We all three arose, shouldered our guns, and were ready to reply to any attack.\r\n\r\n\"Are they apes?\" cried Ned Land.\r\n\r\n\"Very nearly—they are savages.\"\r\n\r\n\"To the boat!\" I said, hurrying to the sea.\r\n\r\nIt was indeed necessary to beat a retreat, for about twenty natives armed with bows and slings appeared on the skirts of a copse that masked the horizon to the right, hardly a hundred steps from us.\r\n\r\nOur boat was moored about sixty feet from us. The savages approached us, not running, but making hostile demonstrations. Stones and arrows fell thickly.",
      "last_updated": "2018-09-26T16:30:47.234Z",
      "last_update_content": "Originally published on Wednesday, September 26th, 2018 @ 12:30 PM by Captain Nemo (captain):\nWe looked at the edge of the forest without rising, my hand stopping in the action of putting it to my mouth, Ned Land's completing its office.\r\n\r\n\"Stones do not fall from the sky,\" remarked Conseil, \"or they would merit the name aerolites.\"\r\n\r\nA second stone, carefully aimed, that made a savoury pigeon's leg fall from Conseil's hand, gave still more weight to his observation. We all three arose, shouldered our guns, and were ready to reply to any attack.\r\n\r\n\"Are they apes?\" cried Ned Land.\r\n\r\n\"Very nearly—they are savages.\"\r\n\r\n\"To the boat!\" I said, hurrying to the sea.\r\n\r\nIt was indeed necessary to beat a retreat, for about twenty natives armed with bows and slings appeared on the skirts of a copse that masked the horizon to the right, hardly a hundred steps from us.\r\n\r\nOur boat was moored about sixty feet from us. The savages approached us, not running, but making hostile demonstrations. Stones and arrows fell thickly.",
      "archived": true,
      "update_count": 0
    }
  },
  {
    "model": "NEMO.news",
    "pk": 22,
    "fields": {
      "title": "Chapter 22: \"Aegri Somnia\"",
      "pinned": false,
      "created": "2018-09-26T16:31:41.851Z",
      "original_content": "Originally published on Wednesday, September 26th, 2018 @ 12:31 PM by Captain Nemo (captain):\nThe following day 10th January, the Nautilus continued her course between two seas, but with such remarkable speed that I could not estimate it at less than thirty-five miles an hour. The rapidity of her screw was such that I could neither follow nor count its revolutions. When I reflected that this marvellous electric agent, after having afforded motion, heat, and light to the Nautilus, still protected her from outward attack, and transformed her into an ark of safety which no profane hand might touch without being thunderstricken, my admiration was unbounded, and from the structure it extended to the engineer who had called it into existence.",
      "all_content": "Originally published on Wednesday, September 26th, 2018 @ 12:31 PM by Captain Nemo (captain):\nThe following day 10th January, the Nautilus continued her course between two seas, but with such remarkable speed that I could not estimate it at less than thirty-five miles an hour. The rapidity of her screw was such that I could neither follow nor count its revolutions. When I reflected that this marvellous electric agent, after having afforded motion, heat, and light to the Nautilus, still protected her from outward attack, and transformed her into an ark of safety which no profane hand might touch without being thunderstricken, my admiration was unbounded, and from the structure it extended to the engineer who had called it into existence.\n\nUpdated on Wednesday, September 26th, 2018 @ 12:31 PM by Captain Nemo (captain):\nOur course was directed to the west, and on the 11th of January we doubled Cape Wessel, situation in 135° long. and 10° S. lat., which forms the east point of the Gulf of Carpentaria. The reefs were still numerous, but more equalised, and marked on the chart with extreme precision. The Nautilus easily avoided the breakers of Money to port and the Victoria reefs to starboard, placed at 130° long. and on the 10th parallel, which we strictly followed.\n\nUpdated on Wednesday, September 26th, 2018 @ 12:32 PM by Captain Nemo (captain):\nOn the 13th of January, Captain Nemo arrived in the Sea of Timor, and recognised the island of that name in 122° long.\n\nUpdated on Wednesday, September 26th, 2018 @ 12:32 PM by Captain Nemo (captain):\nFrom this point the direction of the Nautilus inclined towards the south-west. Her head was set for the Indian Ocean. Where would the fancy of Captain Nemo carry us next? Would he return to the coast of Asia or would he approach again the shores of Europe? Improbable conjectures both, to a man who fled from inhabited continents. Then would he descend to the south? Was he going to double the Cape of Good Hope, then Cape Horn, and finally go as far as the Antarctic pole? Would he come back at last to the Pacific, where his Nautilus could sail free and independently? Time would show.\n\nUpdated on Wednesday, September 26th, 2018 @ 12:32 PM by Captain Nemo (captain):\nAfter having skirted the sands of Cartier, of Hibernia, Seringapatam, and Scott, last efforts of the solid against the liquid element, on the 14th of January we lost sight of land altogether. The speed of the Nautilus was considerably abated, and with irregular course she sometimes swam in the bosom of the waters, sometimes floated on their surface.",
      "last_updated": "2018-09-26T16:32:24.329Z",
      "last_update_content": "Updated on Wednesday, September 26th, 2018 @ 12:32 PM by Captain Nemo (captain):\nAfter having skirted the sands of Cartier, of Hibernia, Seringapatam, and Scott, last efforts of the solid against the liquid element, on the 14th of January we lost sight of land altogether. The speed of the Nautilus was considerably abated, and with irregular course she sometimes swam in the bosom of the waters, sometimes floated on their surface.",
      "archived": false,
      "update_count": 4
    }
  },
  {
    "model": "NEMO.news",
    "pk": 23,
    "fields": {
      "title": "Chapter 23: The Coral Kingdom",
      "pinned": false,
      "created": "2018-09-26T16:33:00Z",
      "original_content": "Originally published on Wednesday, September 26th, 2018 @ 12:33 PM by Captain Nemo (captain):\r\nThe next day I woke with my head singularly clear. To my great surprise, I was in my own room. My companions, no doubt, had been reinstated in their cabin, without having perceived it any more than I. Of what had passed during the night they were as ignorant as I was, and to penetrate this mystery I only reckoned upon the chances of the future.",
      "all_content": "Originally published on Wednesday, September 26th, 2018 @ 12:33 PM by Captain Nemo (captain):\r\nThe next day I woke with my head singularly clear. To my great surprise, I was in my own room. My companions, no doubt, had been reinstated in their cabin, without having perceived it any more than I. Of what had passed during the night they were as ignorant as I was, and to penetrate this mystery I only reckoned upon the chances of the future.\r\n\r\nUpdated on Wednesday, September 26th, 2018 @ 12:33 PM by Captain Nemo (captain):\r\nI then thought of quitting my room. Was I free again or a prisoner? Quite free. I opened the door, went to the half-deck, went up the central stairs. The panels, shut the evening before, were open. I went on to the platform.\r\n\r\nUpdated on Wednesday, September 26th, 2018 @ 12:33 PM by Captain Nemo (captain):\r\nNed Land and Conseil waited there for me. I questioned them; they knew nothing. Lost in a heavy sleep in which they had been totally unconscious, they had been astonished at finding themselves in their cabin.\r\n\r\nUpdated on Wednesday, September 26th, 2018 @ 12:33 PM by Captain Nemo (captain):\r\nAs for the Nautilus, it seemed quiet and mysterious as ever. It floated on the surface of the waves at a moderate pace. Nothing seemed changed on board.\r\n\r\nUpdated on Wednesday, September 26th, 2018 @ 12:33 PM by Captain Nemo (captain):\r\nThe second lieutenant then came on to the platform, and gave the usual order below.\r\n\r\nAs for Captain Nemo, he did not appear.\r\n\r\nOf the people on board, I only saw the impassive steward, who served me with his usual dumb regularity.\r\n\r\nUpdated on Wednesday, September 26th, 2018 @ 12:33 PM by Captain Nemo (captain):\r\nAbout two o'clock, I was in the drawing-room, busied in arranging my notes, when the Captain opened the door and appeared. I bowed. He made a slight inclination in return, without speaking. I resumed my work, hoping that he would perhaps give me some explanation of the events of the preceding night. He made none. I looked at him. He seemed fatigued; his heavy eyes had not been refreshed by sleep; his face looked very sorrowful. He walked to and fro, sat down and got up again, took a chance book, put it down, consulted his instruments without taking his habitual notes, and seemed restless and uneasy.",
      "last_updated": "2018-09-26T16:33:00Z",
      "last_update_content": "Updated on Wednesday, September 26th, 2018 @ 12:33 PM by Captain Nemo (captain):\r\nAbout two o'clock, I was in the drawing-room, busied in arranging my notes, when the Captain opened the door and appeared. I bowed. He made a slight inclination in return, without speaking. I resumed my work, hoping that he would perhaps give me some explanation of the events of the preceding night. He made none. I looked at him. He seemed fatigued; his heavy eyes had not been refreshed by sleep; his face looked very sorrowful. He walked to and fro, sat down and got up again, took a chance book, put it down, consulted his instruments without taking his habitual notes, and seemed restless and uneasy.",
      "archived": false,
      "update_count": 5
    }
  },
  {
    "model": "NEMO.staffabsencetype",
    "pk": 1,
    "fields": {
      "name": "AL",
      "description": "Annual leave"
    }
  },
  {
    "model": "NEMO.staffabsencetype",
    "pk": 2,
    "fields": {
      "name": "SL",
      "description": "Sick leave"
    }
  },
  {
    "model": "NEMO.staffabsencetype",
    "pk": 3,
    "fields": {
      "name": "Parental",
      "description": "Parental leave"
    }
  },
  {
    "model": "NEMO.staffavailabilitycategory",
    "fields": {
      "name": "Staff",
      "display_order": 0
    }
  },
  {
    "model": "NEMO.staffavailabilitycategory",
    "fields": {
      "name": "Night shift",
      "display_order": 1
    }
  },
  {
    "model": "NEMO.staffabsence",
    "pk": 1,
    "fields": {
      "creation_time": "2022-03-14T13:05:25.131Z",
      "staff_member": 2,
      "absence_type": 1,
      "start_date": "2022-03-21",
      "end_date": "2029-03-14",
      "full_day": true,
      "description": "Taking a sabbatical",
      "manager_note": null
    }
  },
  {
    "model": "NEMO.chemicalhazard",
    "fields": {
      "name": "Flammable",
      "display_order": 1,
      "logo": "chemical_hazard_logos/flammable.png"
    }
  },
  {
    "model": "NEMO.chemicalhazard",
    "fields": {
      "name": "Oxidizing",
      "display_order": 2,
      "logo": "chemical_hazard_logos/oxidizing.png"
    }
  },
  {
    "model": "NEMO.chemicalhazard",
    "fields": {
      "name": "Compressed gas",
      "display_order": 3,
      "logo": "chemical_hazard_logos/compressed-gas.png"
    }
  },
  {
    "model": "NEMO.chemicalhazard",
    "fields": {
      "name": "Corrosive",
      "display_order": 4,
      "logo": "chemical_hazard_logos/corrosive.png"
    }
  },
  {
    "model": "NEMO.chemicalhazard",
    "fields": {
      "name": "Toxic",
      "display_order": 5,
      "logo": "chemical_hazard_logos/toxic.png"
    }
  },
  {
    "model": "NEMO.chemicalhazard",
    "fields": {
      "name": "Harmful",
      "display_order": 6,
      "logo": "chemical_hazard_logos/harmful.png"
    }
  },
  {
    "model": "NEMO.chemicalhazard",
    "fields": {
      "name": "Health hazard",
      "display_order": 7,
      "logo": "chemical_hazard_logos/health.png"
    }
  },
  {
    "model": "NEMO.chemicalhazard",
    "fields": {
      "name": "Environmental hazard",
      "display_order": 8,
      "logo": "chemical_hazard_logos/environmental.png"
    }
  },
  {
    "model": "NEMO.chemical",
    "pk": 1,
    "fields": {
      "name": "Carbon tetrafluoride",
      "document": "",
      "url": "https://www.oshatrain.org/courses/pdf/sample_sds_us.pdf",
      "keywords": "Tetrafluoromethane, Perfluoromethane, Freon 14, Halon 14, Arcton 0, CFC 14, PFC 14, R 14",
      "hazards": [
        [
          "Compressed gas"
        ]
      ]
    }
  },
  {
    "model": "NEMO.chemical",
    "pk": 2,
    "fields": {
      "name": "Acetylene",
      "document": "",
      "url": "https://www.oshatrain.org/courses/pdf/sample_sds_us.pdf",
      "keywords": "Ethyne",
      "hazards": [
        [
          "Compressed gas"
        ],
        [
          "Toxic"
        ]
      ]
    }
  },
  {
    "model": "NEMO.chemical",
    "pk": 3,
    "fields": {
      "name": "Boron trifluoride",
      "document": "",
      "url": "https://www.oshatrain.org/courses/pdf/sample_sds_us.pdf",
      "keywords": "Trifluoroborane",
      "hazards": [
        [
          "Compressed gas"
        ],
        [
          "Corrosive"
        ]
      ]
    }
  },
  {
    "model": "NEMO.chemical",
    "pk": 4,
    "fields": {
      "name": "Glycolic acid",
      "document": "",
      "url": "https://www.oshatrain.org/courses/pdf/sample_sds_us.pdf",
      "keywords": "Hydroxyacetic acid, 2-Hydroxyethanoic acid",
      "hazards": [
        [
          "Corrosive"
        ],
        [
          "Health hazard"
        ]
      ]
    }
  },
  {
    "model": "NEMO.chemical",
    "pk": 5,
    "fields": {
      "name": "Formaldehyde",
      "document": "",
      "url": "https://www.oshatrain.org/courses/pdf/sample_sds_us.pdf",
      "keywords": "Methyl aldehyde, Methylene glycol, Methylene oxide, Formalin, Formol, Carbonyl hydride",
      "hazards": [
        [
          "Harmful"
        ]
      ]
    }
  },
  {
    "model": "NEMO.emaillog",
    "pk": 1,
    "fields": {
      "category": 4,
      "when": "2023-04-10T21:57:30.371Z",
      "sender": "webmaster@localhost",
      "to": "captain.nemo@nautilus.com",
      "subject": "Facility usage",
      "content": "<html lang=\"en\">\n    <head>\n        <meta charset=\"utf-8\">\n        <meta name=\"viewport\" content=\"width=device-width, initial-scale=1\">\n    </head>\n    <body>\n        <!--[if mso]><table width=\"600\" align=\"center\"><tr><td><![endif]-->\n        <table align=\"center\" style=\"width:100%; max-width:600px; font-family: 'Avenir Next', 'Helvetica Neue', 'Helvetica', 'Arial', 'sans-serif'\">\n            <tr>\n                <td align=\"center\" style=\"color: white; background: #5bc0de; padding: 50px 0;\" bgcolor=\"#5bc0de\">\n                    <h1 style=\"max-width: 90%; margin: 0 auto; padding: 0;\">\n                        USAGE REMINDER\n                    </h1>\n                </td>\n            </tr>\n            <tr>\n                <td style=\"padding: 10px;\">\n                    <p>Dear Captain,</p>\n                    <p>This is a friendly reminder that you are currently using the following facility resources:</p>\n                    <ul>\n                        \n                            <li>Cleanroom</li>\n                        \n                            <li>PECVD</li>\n                        \n                    </ul>\n                    <p>While on campus, you can relinquish tool control by visiting NEMO.</p>\n                    <p>\n                        If you are off campus, the staff can assist you with relinquishing tool control (if you forgot to do so).\n                        You can reply to this email to contact staff with any questions or concerns.\n                    </p>\n                </td>\n            </tr>\n        </table>\n        <!--[if mso]></td></tr></table><![endif]-->\n    </body>\n</html>",
      "ok": false,
      "attachments": null
    }
  },
  {
    "model": "NEMO.user",
    "fields": {
      "username": "captain",
      "first_name": "Captain",
      "last_name": "Nemo",
      "email": "captain.nemo@nautilus.com",
      "type": [
        "Lab staff"
      ],
      "domain": "",
      "notes": null,
      "badge_number": "1",
      "access_expiration": null,
      "is_active": true,
      "is_staff": true,
      "is_user_office": false,
      "is_accounting_officer": false,
      "is_service_personnel": false,
      "is_technician": false,
      "is_facility_manager": true,
      "is_superuser": true,
      "training_required": false,
      "date_joined": "2012-12-10T16:43:37Z",
      "last_login": "2022-03-14T12:52:58.154Z",
      "preferences": 1,
      "onboarding_phases": [
        [
          "General orientation"
        ],
        [
          "Cleanroom orientation"
        ]
      ],
      "safety_trainings": [
        [
          "Cleanroom training"
        ],
        [
          "Chemical handling"
        ],
        [
          "Fume hood training"
        ]
      ],
      "physical_access_levels": [],
      "groups": [],
      "user_permissions": [],
      "projects": [
        [
          "Cleanroom Eng"
        ],
        [
          "Project 2"
        ],
        [
          "Project 3"
        ]
      ],
      "managed_projects": []
    }
  },
  {
    "model": "NEMO.user",
    "fields": {
      "username": "professor",
      "first_name": "Pierre",
      "last_name": "Aronnax",
      "email": "pierre.aronnax@nautilus.com",
      "type": [
        "Faculty"
      ],
      "domain": "",
      "notes": null,
      "badge_number": "2",
      "access_expiration": null,
      "is_active": true,
      "is_staff": true,
      "is_user_office": false,
      "is_accounting_officer": false,
      "is_service_personnel": false,
      "is_technician": false,
      "is_facility_manager": false,
      "is_superuser": false,
      "training_required": false,
      "date_joined": "2012-12-10T16:48:43Z",
      "last_login": null,
      "preferences": 2,
      "onboarding_phases": [
        [
          "General orientation"
        ]
      ],
      "safety_trainings": [
        [
          "Chemical handling"
        ]
      ],
      "physical_access_levels": [
        1
      ],
      "groups": [],
      "user_permissions": [],
      "projects": [
        [
          "Cleanroom Eng"
        ],
        [
          "Project 2"
        ],
        [
          "Project 3"
        ]
      ],
      "managed_projects": []
    }
  },
  {
    "model": "NEMO.user",
    "fields": {
      "username": "ned",
      "first_name": "Ned",
      "last_name": "Land",
      "email": "ned.land@nautilus.com",
      "type": [
        "Student"
      ],
      "domain": "",
      "notes": null,
      "badge_number": "3",
      "access_expiration": null,
      "is_active": true,
      "is_staff": false,
      "is_user_office": false,
      "is_accounting_officer": false,
      "is_service_personnel": false,
      "is_technician": false,
      "is_facility_manager": false,
      "is_superuser": false,
      "training_required": false,
      "date_joined": "2012-12-10T16:49:38Z",
      "last_login": null,
      "preferences": null,
      "onboarding_phases": [
        [
          "General orientation"
        ]
      ],
      "safety_trainings": [
        [
          "Cleanroom training"
        ]
      ],
      "physical_access_levels": [],
      "groups": [],
      "user_permissions": [],
      "projects": [
        [
          "Cleanroom Eng"
        ],
        [
          "Project 2"
        ],
        [
          "Project 3"
        ]
      ],
      "managed_projects": []
    }
  },
  {
    "model": "NEMO.user",
    "fields": {
      "username": "commander",
      "first_name": "Commander",
      "last_name": "Farragut",
      "email": "commander.farragut@nautilus.com",
      "type": [
        "Faculty"
      ],
      "domain": "",
      "notes": null,
      "badge_number": "4",
      "access_expiration": null,
      "is_active": true,
      "is_staff": false,
      "is_user_office": false,
      "is_accounting_officer": true,
      "is_service_personnel": false,
      "is_technician": false,
      "is_facility_manager": false,
      "is_superuser": false,
      "training_required": false,
      "date_joined": "2012-12-10T16:48:43Z",
      "last_login": null,
      "preferences": null,
      "onboarding_phases": [
        [
          "General orientation"
        ]
      ],
      "safety_trainings": [
        [
          "Cleanroom training"
        ]
      ],
      "physical_access_levels": [],
      "groups": [],
      "user_permissions": [],
      "projects": [
        [
          "Cleanroom Eng"
        ],
        [
          "Project 2"
        ],
        [
          "Project 3"
        ]
      ],
      "managed_projects": []
    }
  },
  {
    "model": "NEMO.user",
    "fields": {
      "username": "conseil",
      "first_name": "Assistant",
      "last_name": "Conseil",
      "email": "assistant.conseil@nautilus.com",
      "type": [
        "Student"
      ],
      "domain": "",
      "notes": null,
      "badge_number": "5",
      "access_expiration": null,
      "is_active": true,
      "is_staff": false,
      "is_user_office": true,
      "is_accounting_officer": false,
      "is_service_personnel": false,
      "is_technician": false,
      "is_facility_manager": false,
      "is_superuser": false,
      "training_required": false,
      "date_joined": "2012-12-10T16:48:43Z",
      "last_login": null,
      "preferences": null,
      "onboarding_phases": [
        [
          "General orientation"
        ]
      ],
      "safety_trainings": [
        [
          "Chemical handling"
        ],
        [
          "Fume hood training"
        ]
      ],
      "physical_access_levels": [],
      "groups": [],
      "user_permissions": [],
      "projects": [
        [
          "Cleanroom Eng"
        ],
        [
          "Project 2"
        ],
        [
          "Project 3"
        ]
      ],
      "managed_projects": []
    }
  },
  {
    "model": "NEMO.user",
    "fields": {
      "username": "tech",
      "first_name": "Tech",
      "last_name": "Cleanroom",
      "email": "tech.cleanroom@nautilus.com",
      "type": [
        "Service personnel"
      ],
      "domain": "",
      "notes": null,
      "badge_number": "6",
      "access_expiration": null,
      "is_active": true,
      "is_staff": false,
      "is_user_office": false,
      "is_accounting_officer": false,
      "is_service_personnel": true,
      "is_technician": false,
      "is_facility_manager": false,
      "is_superuser": false,
      "training_required": false,
      "date_joined": "2012-12-10T16:48:43Z",
      "last_login": null,
      "preferences": null,
      "onboarding_phases": [],
      "safety_trainings": [],
      "physical_access_levels": [
        1
      ],
      "groups": [],
      "user_permissions": [],
      "projects": [
        [
          "Cleanroom Maint"
        ]
      ],
      "managed_projects": []
    }
  },
  {
    "model": "NEMO.staffavailability",
    "pk": 1,
    "fields": {
      "staff_member": [
        "captain"
      ],
      "visible": true,
      "category": [
        "Staff"
      ],
      "start_time": "08:00:00",
      "end_time": "17:00:00",
      "monday": true,
      "tuesday": true,
      "wednesday": true,
      "thursday": true,
      "friday": true,
      "saturday": false,
      "sunday": false
    }
  },
  {
    "model": "NEMO.staffavailability",
    "pk": 2,
    "fields": {
      "staff_member": [
        "professor"
      ],
      "visible": true,
      "category": [
        "Night shift"
      ],
      "start_time": "20:00:00",
      "end_time": "04:00:00",
      "monday": true,
      "tuesday": true,
      "wednesday": true,
      "thursday": true,
      "friday": true,
      "saturday": false,
      "sunday": false
    }
  },
  {
    "model": "NEMO.temporaryphysicalaccessrequest",
    "pk": 1,
    "fields": {
      "creation_time": "2021-02-23T17:28:47.930Z",
      "creator": [
        "ned"
      ],
      "last_updated": "2021-02-23T17:28:47.930Z",
      "last_updated_by": null,
      "physical_access_level": 1,
      "description": null,
      "start_time": "2021-02-23T17:28:47.930Z",
      "end_time": "2099-02-23T17:28:47.930Z",
      "status": 0,
      "reviewer": null,
      "deleted": false,
      "other_users": [
        [
          "professor"
        ]
      ]
    }
  },
  {
    "model": "NEMO.requestmessage",
    "pk": 1,
    "fields": {
      "content_type": [
        "NEMO",
        "adjustmentrequest"
      ],
      "object_id": 1,
      "author": [
        "captain"
      ],
      "creation_date": "2023-03-06T17:41:00.733Z",
      "content": "Can you provide more information?\r\nThank you"
    }
  },
  {
    "model": "NEMO.adjustmentrequest",
    "pk": 1,
    "fields": {
      "creation_time": "2023-03-06T15:46:25.311Z",
      "creator": [
        "ned"
      ],
      "last_updated": "2023-03-06T15:46:25.311Z",
      "last_updated_by": [
        "ned"
      ],
      "item_type": [
        "NEMO",
        "usageevent"
      ],
      "item_id": 2,
      "description": "I forgot to logoff the tool",
      "manager_note": "",
      "new_start": "2023-03-04T15:54:00Z",
      "new_end": "2023-03-05T11:00:00Z",
      "status": 1,
      "reviewer": null,
      "deleted": false
    }
  },
  {
    "model": "NEMO.adjustmentrequest",
    "pk": 2,
    "fields": {
      "creation_time": "2023-01-22T17:35:44.232Z",
      "creator": [
        "ned"
      ],
      "last_updated": "2023-01-22T17:37:39.366Z",
      "last_updated_by": [
        "captain"
      ],
      "item_type": [
        "NEMO",
        "usageevent"
      ],
      "item_id": 4,
      "description": "I forgot to logoff the tool",
      "manager_note": "Please enter this in the billing system with the note \"Approved by Captain NEMO\"",
      "new_start": "2023-01-20T23:54:00Z",
      "new_end": "2023-01-21T18:00:00Z",
      "status": 0,
      "reviewer": [
        "captain"
      ],
      "deleted": false
    }
  },
  {
    "model": "NEMO.adjustmentrequest",
    "pk": 3,
    "fields": {
      "creation_time": "2023-02-13T17:36:20.938Z",
      "creator": [
        "ned"
      ],
      "last_updated": "2023-02-13T17:39:03.473Z",
      "last_updated_by": [
        "captain"
      ],
      "item_type": [
        "NEMO",
        "usageevent"
      ],
      "item_id": 3,
      "description": "I forgot to logoff the tool",
      "manager_note": "This is the second time in just a few weeks, so I cannot approve it.",
      "new_start": "2023-02-10T10:54:00Z",
      "new_end": "2023-02-11T09:00:00Z",
      "status": 2,
      "reviewer": [
        "captain"
      ],
      "deleted": false
    }
  },
  {
    "model": "NEMO.adjustmentrequest",
    "pk": 4,
    "fields": {
      "creation_time": "2023-02-13T17:36:20.938Z",
      "creator": [
        "ned"
      ],
      "last_updated": "2023-02-13T17:39:03.473Z",
      "last_updated_by": [
        "captain"
      ],
      "item_type": [
        "NEMO",
        "reservation"
      ],
      "item_id": 1,
      "description": "Please waive this missed reservation",
      "status": 0,
      "reviewer": [
        "captain"
      ],
      "deleted": false,
      "waive": true
    }
  },
  {
    "model": "NEMO.tool",
    "fields": {
      "name": "Sinter",
      "parent_tool": null,
      "visible": true,
      "_description": null,
      "_serial": null,
      "_image": "",
      "_category": "Gen Furnaces",
      "_operational": false,
      "_primary_owner": [
        "captain"
      ],
      "_location": "NanoFab",
      "_phone_number": "x1234",
      "_notification_email_address": "service@nautilus.com",
      "_interlock": null,
      "_requires_area_access": null,
      "_grant_physical_access_level_upon_qualification": null,
      "_grant_badge_reader_access_upon_qualification": null,
      "_reservation_horizon": 14,
      "_minimum_usage_block_time": null,
      "_maximum_usage_block_time": null,
      "_maximum_reservations_per_day": null,
      "_minimum_time_between_reservations": null,
      "_maximum_future_reservation_time": null,
      "_missed_reservation_threshold": null,
      "_max_delayed_logoff": null,
      "_post_usage_questions": null,
      "_policy_off_between_times": false,
      "_policy_off_start_time": null,
      "_policy_off_end_time": null,
      "_policy_off_weekend": false,
      "_backup_owners": [
        [
          "captain"
        ],
        [
          "ned"
        ],
        [
          "professor"
        ]
      ],
      "_superusers": []
    }
  },
  {
    "model": "NEMO.tool",
    "fields": {
      "name": "PECVD",
      "parent_tool": null,
      "visible": true,
      "_description": "Plasma-enhanced chemical vapor deposition (PECVD) is a chemical vapor deposition process used to deposit thin films from a gas state (vapor) to a solid state on a substrate. <br>\r\nChemical reactions are involved in the process, which occur after creation of a plasma of the reacting gases. <br><br>\r\n\r\nThe plasma is generally created by radio frequency (RF) (alternating current (AC)) frequency or direct current (DC) discharge between two electrodes, the space between which is filled with the reacting gases.",
      "_serial": "21gh3123g12j31h",
      "_image": "tool_images/pecvd.jpeg",
      "_category": "Chemical Vapor Deposition",
      "_operational": true,
      "_primary_owner": [
        "captain"
      ],
      "_location": "NanoFab",
      "_phone_number": "x1234",
      "_notification_email_address": "service@nautilus.com",
      "_interlock": null,
      "_requires_area_access": null,
      "_grant_physical_access_level_upon_qualification": null,
      "_grant_badge_reader_access_upon_qualification": null,
      "_reservation_horizon": 14,
      "_minimum_usage_block_time": null,
      "_maximum_usage_block_time": null,
      "_maximum_reservations_per_day": null,
      "_minimum_time_between_reservations": null,
      "_maximum_future_reservation_time": null,
      "_missed_reservation_threshold": null,
      "_max_delayed_logoff": null,
      "_post_usage_questions": null,
      "_policy_off_between_times": false,
      "_policy_off_start_time": null,
      "_policy_off_end_time": null,
      "_policy_off_weekend": false,
      "_backup_owners": [
        [
          "captain"
        ],
        [
          "ned"
        ],
        [
          "professor"
        ]
      ],
      "_superusers": []
    }
  },
  {
    "model": "NEMO.tool",
    "fields": {
      "name": "Dicing saw",
      "parent_tool": null,
      "visible": true,
      "_description": "The Disco DAD-341 dicing saw is used to cut multi-device substrates into individual chips. The system can accommodate substrates up to 4 mm thick and supports sizes ranging from 200 mm diameter wafers down to small pieces.",
      "_serial": null,
      "_image": "tool_images/dicing_saw.png",
      "_category": "Packaging",
      "_operational": true,
      "_primary_owner": [
        "captain"
      ],
      "_location": "NanoFab",
      "_phone_number": "x1234",
      "_notification_email_address": "service@nautilus.com",
      "_interlock": null,
      "_requires_area_access": 1,
      "_grant_physical_access_level_upon_qualification": null,
      "_grant_badge_reader_access_upon_qualification": null,
      "_reservation_horizon": 14,
      "_minimum_usage_block_time": null,
      "_maximum_usage_block_time": null,
      "_maximum_reservations_per_day": null,
      "_minimum_time_between_reservations": null,
      "_maximum_future_reservation_time": null,
      "_missed_reservation_threshold": null,
      "_max_delayed_logoff": null,
      "_post_usage_questions": null,
      "_policy_off_between_times": false,
      "_policy_off_start_time": null,
      "_policy_off_end_time": null,
      "_policy_off_weekend": false,
      "_backup_owners": [
        [
          "captain"
        ],
        [
          "ned"
        ],
        [
          "professor"
        ]
      ],
      "_superusers": []
    }
  },
  {
    "model": "NEMO.tool",
    "fields": {
      "name": "Atomic Layer Deposition",
      "parent_tool": null,
      "visible": true,
      "_description": "",
      "_serial": "",
      "_image": "",
      "_category": "Chemical Vapor Deposition",
      "_operational": true,
      "_primary_owner": [
        "captain"
      ],
      "_location": "215/A106",
      "_phone_number": "x3557",
      "_notification_email_address": "service@nautilus.com",
      "_interlock": null,
      "_requires_area_access": null,
      "_grant_physical_access_level_upon_qualification": 2,
      "_grant_badge_reader_access_upon_qualification": null,
      "_reservation_horizon": 14,
      "_minimum_usage_block_time": 30,
      "_maximum_usage_block_time": 480,
      "_maximum_reservations_per_day": null,
      "_minimum_time_between_reservations": null,
      "_maximum_future_reservation_time": null,
      "_missed_reservation_threshold": 30,
      "_max_delayed_logoff": 120,
      "_post_usage_questions": "",
      "_policy_off_between_times": false,
      "_policy_off_start_time": null,
      "_policy_off_end_time": null,
      "_policy_off_weekend": false,
      "_backup_owners": [
        [
          "ned"
        ],
        [
          "professor"
        ]
      ],
      "_superusers": []
    }
  },
  {
    "model": "NEMO.tool",
    "fields": {
      "name": "Unaxis Deep Si Etcher",
      "parent_tool": null,
      "visible": true,
      "_description": "",
      "_serial": "",
      "_image": "",
      "_category": "Dry Etch",
      "_operational": false,
      "_primary_owner": [
        "captain"
      ],
      "_location": "215/B105",
      "_phone_number": "x3583",
      "_notification_email_address": "service@nautilus.com",
      "_interlock": null,
      "_requires_area_access": null,
      "_grant_physical_access_level_upon_qualification": 2,
      "_grant_badge_reader_access_upon_qualification": null,
      "_reservation_horizon": 14,
      "_minimum_usage_block_time": 30,
      "_maximum_usage_block_time": 240,
      "_maximum_reservations_per_day": null,
      "_minimum_time_between_reservations": null,
      "_maximum_future_reservation_time": null,
      "_missed_reservation_threshold": 30,
      "_max_delayed_logoff": 120,
      "_post_usage_questions": "",
      "_policy_off_between_times": false,
      "_policy_off_start_time": null,
      "_policy_off_end_time": null,
      "_policy_off_weekend": false,
      "_backup_owners": [
        [
          "ned"
        ],
        [
          "professor"
        ]
      ],
      "_superusers": []
    }
  },
  {
    "model": "NEMO.tool",
    "fields": {
      "name": "XeF2 Silicon Etcher",
      "parent_tool": null,
      "visible": true,
      "_description": "",
      "_serial": "",
      "_image": "",
      "_category": "Dry Etch",
      "_operational": true,
      "_primary_owner": [
        "captain"
      ],
      "_location": "215/B105",
      "_phone_number": "x3583",
      "_notification_email_address": "service@nautilus.com",
      "_interlock": null,
      "_requires_area_access": null,
      "_grant_physical_access_level_upon_qualification": 2,
      "_grant_badge_reader_access_upon_qualification": null,
      "_reservation_horizon": 14,
      "_minimum_usage_block_time": 30,
      "_maximum_usage_block_time": 240,
      "_maximum_reservations_per_day": null,
      "_minimum_time_between_reservations": null,
      "_maximum_future_reservation_time": null,
      "_missed_reservation_threshold": 30,
      "_max_delayed_logoff": null,
      "_post_usage_questions": "",
      "_policy_off_between_times": false,
      "_policy_off_start_time": null,
      "_policy_off_end_time": null,
      "_policy_off_weekend": false,
      "_backup_owners": [
        [
          "ned"
        ],
        [
          "professor"
        ]
      ],
      "_superusers": []
    }
  },
  {
    "model": "NEMO.tool",
    "fields": {
      "name": "Microwave Asher",
      "parent_tool": null,
      "visible": true,
      "_description": "",
      "_serial": "",
      "_image": "",
      "_category": "Dry Etch",
      "_operational": true,
      "_primary_owner": [
        "captain"
      ],
      "_location": "215/B105",
      "_phone_number": "x3583",
      "_notification_email_address": "service@nautilus.com",
      "_interlock": null,
      "_requires_area_access": null,
      "_grant_physical_access_level_upon_qualification": 2,
      "_grant_badge_reader_access_upon_qualification": null,
      "_reservation_horizon": 14,
      "_minimum_usage_block_time": 30,
      "_maximum_usage_block_time": 240,
      "_maximum_reservations_per_day": null,
      "_minimum_time_between_reservations": null,
      "_maximum_future_reservation_time": null,
      "_missed_reservation_threshold": 30,
      "_max_delayed_logoff": null,
      "_post_usage_questions": "",
      "_policy_off_between_times": false,
      "_policy_off_start_time": null,
      "_policy_off_end_time": null,
      "_policy_off_weekend": false,
      "_backup_owners": [
        [
          "ned"
        ],
        [
          "professor"
        ]
      ],
      "_superusers": []
    }
  },
  {
    "model": "NEMO.tool",
    "fields": {
      "name": "Ion Mill",
      "parent_tool": null,
      "visible": true,
      "_description": "",
      "_serial": "",
      "_image": "",
      "_category": "Dry Etch",
      "_operational": true,
      "_primary_owner": [
        "captain"
      ],
      "_location": "215/A106",
      "_phone_number": "x3557",
      "_notification_email_address": "service@nautilus.com",
      "_interlock": null,
      "_requires_area_access": null,
      "_grant_physical_access_level_upon_qualification": 2,
      "_grant_badge_reader_access_upon_qualification": null,
      "_reservation_horizon": 14,
      "_minimum_usage_block_time": 30,
      "_maximum_usage_block_time": 240,
      "_maximum_reservations_per_day": null,
      "_minimum_time_between_reservations": null,
      "_maximum_future_reservation_time": null,
      "_missed_reservation_threshold": 30,
      "_max_delayed_logoff": null,
      "_post_usage_questions": "",
      "_policy_off_between_times": false,
      "_policy_off_start_time": null,
      "_policy_off_end_time": null,
      "_policy_off_weekend": false,
      "_backup_owners": [
        [
          "ned"
        ],
        [
          "professor"
        ]
      ],
      "_superusers": []
    }
  },
  {
    "model": "NEMO.tool",
    "fields": {
      "name": "Unaxis ICP Etcher",
      "parent_tool": null,
      "visible": true,
      "_description": "",
      "_serial": "",
      "_image": "",
      "_tool_calendar_color": "#33ad33",
      "_category": "Dry Etch",
      "_operational": false,
      "_primary_owner": [
        "captain"
      ],
      "_location": "215/B105",
      "_phone_number": "x3583",
      "_notification_email_address": "service@nautilus.com",
      "_interlock": null,
      "_requires_area_access": null,
      "_grant_physical_access_level_upon_qualification": 2,
      "_grant_badge_reader_access_upon_qualification": null,
      "_reservation_horizon": 14,
      "_minimum_usage_block_time": 30,
      "_maximum_usage_block_time": 240,
      "_maximum_reservations_per_day": null,
      "_minimum_time_between_reservations": null,
      "_maximum_future_reservation_time": null,
      "_missed_reservation_threshold": 30,
      "_max_delayed_logoff": 120,
      "_post_usage_questions": "",
      "_policy_off_between_times": false,
      "_policy_off_start_time": null,
      "_policy_off_end_time": null,
      "_policy_off_weekend": false,
      "_backup_owners": [
        [
          "ned"
        ],
        [
          "professor"
        ]
      ],
      "_superusers": []
    }
  },
  {
    "model": "NEMO.tool",
    "fields": {
      "name": "ZEISS FESEM",
      "parent_tool": null,
      "visible": true,
      "_description": "",
      "_serial": "",
      "_image": "",
      "_tool_calendar_color": "#33ad33",
      "_category": "Imaging and Analysis",
      "_operational": true,
      "_primary_owner": [
        "captain"
      ],
      "_location": "215/A101",
      "_phone_number": "x8221",
      "_notification_email_address": "nanofab_microscopy@nist.gov",
      "_interlock": null,
      "_requires_area_access": null,
      "_grant_physical_access_level_upon_qualification": 2,
      "_grant_badge_reader_access_upon_qualification": null,
      "_reservation_horizon": 14,
      "_minimum_usage_block_time": 30,
      "_maximum_usage_block_time": 180,
      "_maximum_reservations_per_day": 1,
      "_minimum_time_between_reservations": null,
      "_maximum_future_reservation_time": 540,
      "_missed_reservation_threshold": 30,
      "_max_delayed_logoff": null,
      "_post_usage_questions": "",
      "_policy_off_between_times": true,
      "_policy_off_start_time": "18:00:00",
      "_policy_off_end_time": "08:00:00",
      "_policy_off_weekend": true,
      "_backup_owners": [
        [
          "ned"
        ],
        [
          "professor"
        ]
      ],
      "_superusers": []
    }
  },
  {
    "model": "NEMO.tool",
    "fields": {
      "name": "TITAN TEM",
      "parent_tool": null,
      "visible": true,
      "_description": "",
      "_serial": "",
      "_image": "",
      "_tool_calendar_color": "#33ad33",
      "_category": "Imaging and Analysis",
      "_operational": false,
      "_primary_owner": [
        "captain"
      ],
      "_location": "216/G115",
      "_phone_number": "x6082",
      "_notification_email_address": "nanofab_microscopy@nist.gov",
      "_interlock": null,
      "_requires_area_access": null,
      "_grant_physical_access_level_upon_qualification": null,
      "_grant_badge_reader_access_upon_qualification": null,
      "_reservation_horizon": 14,
      "_minimum_usage_block_time": 60,
      "_maximum_usage_block_time": 480,
      "_maximum_reservations_per_day": null,
      "_minimum_time_between_reservations": null,
      "_maximum_future_reservation_time": null,
      "_missed_reservation_threshold": 30,
      "_max_delayed_logoff": null,
      "_post_usage_questions": "",
      "_policy_off_between_times": false,
      "_policy_off_start_time": null,
      "_policy_off_end_time": null,
      "_policy_off_weekend": false,
      "_backup_owners": [
        [
          "ned"
        ],
        [
          "professor"
        ]
      ],
      "_superusers": []
    }
  },
  {
    "model": "NEMO.tool",
    "fields": {
      "name": "Veeco AFM",
      "parent_tool": null,
      "visible": true,
      "_description": "",
      "_serial": "",
      "_image": "",
      "_tool_calendar_color": "#33ad33",
      "_category": "Imaging and Analysis",
      "_operational": true,
      "_primary_owner": [
        "captain"
      ],
      "_location": "216/G107",
      "_phone_number": "x76237",
      "_notification_email_address": "service@nautilus.com",
      "_interlock": null,
      "_requires_area_access": null,
      "_grant_physical_access_level_upon_qualification": null,
      "_grant_badge_reader_access_upon_qualification": null,
      "_reservation_horizon": 14,
      "_minimum_usage_block_time": 30,
      "_maximum_usage_block_time": 240,
      "_maximum_reservations_per_day": null,
      "_minimum_time_between_reservations": null,
      "_maximum_future_reservation_time": null,
      "_missed_reservation_threshold": 30,
      "_max_delayed_logoff": null,
      "_post_usage_questions": "",
      "_policy_off_between_times": false,
      "_policy_off_start_time": null,
      "_policy_off_end_time": null,
      "_policy_off_weekend": false,
      "_backup_owners": [
        [
          "ned"
        ],
        [
          "professor"
        ]
      ],
      "_superusers": []
    }
  },
  {
    "model": "NEMO.tool",
    "fields": {
      "name": "FEI FIB 1",
      "parent_tool": null,
      "visible": true,
      "_description": "",
      "_serial": "",
      "_image": "",
      "_tool_calendar_color": "#33ad33",
      "_category": "Focused Ion Beams",
      "_operational": false,
      "_primary_owner": [
        "captain"
      ],
      "_location": "216/G113",
      "_phone_number": "x5302",
      "_notification_email_address": "nanofab_microscopy@nist.gov",
      "_interlock": null,
      "_requires_area_access": null,
      "_grant_physical_access_level_upon_qualification": null,
      "_grant_badge_reader_access_upon_qualification": null,
      "_reservation_horizon": 14,
      "_minimum_usage_block_time": 30,
      "_maximum_usage_block_time": 240,
      "_maximum_reservations_per_day": 2,
      "_minimum_time_between_reservations": null,
      "_maximum_future_reservation_time": null,
      "_missed_reservation_threshold": 30,
      "_max_delayed_logoff": 120,
      "_post_usage_questions": "",
      "_policy_off_between_times": false,
      "_policy_off_start_time": null,
      "_policy_off_end_time": null,
      "_policy_off_weekend": false,
      "_backup_owners": [
        [
          "ned"
        ],
        [
          "professor"
        ]
      ],
      "_superusers": []
    }
  },
  {
    "model": "NEMO.tool",
    "fields": {
      "name": "FEI FIB 2",
      "parent_tool": null,
      "visible": true,
      "_description": "",
      "_serial": "",
      "_image": "",
      "_tool_calendar_color": "#33ad33",
      "_category": "Focused Ion Beams",
      "_operational": false,
      "_primary_owner": [
        "captain"
      ],
      "_location": "216/G113",
      "_phone_number": "x5302",
      "_notification_email_address": "nanofab_microscopy@nist.gov",
      "_interlock": null,
      "_requires_area_access": null,
      "_grant_physical_access_level_upon_qualification": null,
      "_grant_badge_reader_access_upon_qualification": null,
      "_reservation_horizon": 14,
      "_minimum_usage_block_time": 30,
      "_maximum_usage_block_time": 240,
      "_maximum_reservations_per_day": 2,
      "_minimum_time_between_reservations": null,
      "_maximum_future_reservation_time": null,
      "_missed_reservation_threshold": 30,
      "_max_delayed_logoff": null,
      "_post_usage_questions": "",
      "_policy_off_between_times": false,
      "_policy_off_start_time": null,
      "_policy_off_end_time": null,
      "_policy_off_weekend": false,
      "_backup_owners": [
        [
          "ned"
        ],
        [
          "professor"
        ]
      ],
      "_superusers": []
    }
  },
  {
    "model": "NEMO.tool",
    "fields": {
      "name": "JEOL E-beam",
      "parent_tool": null,
      "visible": true,
      "_description": "",
      "_serial": "",
      "_image": "",
      "_tool_calendar_color": "#33ad33",
      "_category": "Lithography",
      "_operational": true,
      "_primary_owner": [
        "captain"
      ],
      "_location": "216/G107",
      "_phone_number": "x76237",
      "_notification_email_address": "service@nautilus.com",
      "_interlock": null,
      "_requires_area_access": null,
      "_grant_physical_access_level_upon_qualification": null,
      "_grant_badge_reader_access_upon_qualification": null,
      "_reservation_horizon": 14,
      "_minimum_usage_block_time": 30,
      "_maximum_usage_block_time": 240,
      "_maximum_reservations_per_day": 1,
      "_minimum_time_between_reservations": 240,
      "_maximum_future_reservation_time": 720,
      "_missed_reservation_threshold": 30,
      "_max_delayed_logoff": null,
      "_post_usage_questions": "",
      "_policy_off_between_times": true,
      "_policy_off_start_time": "18:00:00",
      "_policy_off_end_time": "07:00:00",
      "_policy_off_weekend": true,
      "_backup_owners": [
        [
          "ned"
        ],
        [
          "professor"
        ]
      ],
      "_superusers": []
    }
  },
  {
    "model": "NEMO.tool",
    "fields": {
      "name": "ASML Stepper",
      "parent_tool": null,
      "visible": true,
      "_description": "",
      "_serial": "",
      "_image": "",
      "_tool_calendar_color": "#33ad33",
      "_category": "Lithography",
      "_operational": true,
      "_primary_owner": [
        "captain"
      ],
      "_location": "215/A105",
      "_phone_number": "x3224",
      "_notification_email_address": "service@nautilus.com",
      "_interlock": null,
      "_requires_area_access": null,
      "_grant_physical_access_level_upon_qualification": 2,
      "_grant_badge_reader_access_upon_qualification": null,
      "_reservation_horizon": 14,
      "_minimum_usage_block_time": 30,
      "_maximum_usage_block_time": 180,
      "_maximum_reservations_per_day": null,
      "_minimum_time_between_reservations": null,
      "_maximum_future_reservation_time": null,
      "_missed_reservation_threshold": 30,
      "_max_delayed_logoff": null,
      "_post_usage_questions": "",
      "_policy_off_between_times": false,
      "_policy_off_start_time": null,
      "_policy_off_end_time": null,
      "_policy_off_weekend": false,
      "_backup_owners": [
        [
          "ned"
        ],
        [
          "professor"
        ]
      ],
      "_superusers": []
    }
  },
  {
    "model": "NEMO.tool",
    "fields": {
      "name": "SussMA6",
      "parent_tool": null,
      "visible": true,
      "_description": "",
      "_serial": "",
      "_image": "",
      "_tool_calendar_color": "#33ad33",
      "_category": "Lithography",
      "_operational": true,
      "_primary_owner": [
        "captain"
      ],
      "_location": "215/A103",
      "_phone_number": "x2391",
      "_notification_email_address": "service@nautilus.com",
      "_interlock": null,
      "_requires_area_access": null,
      "_grant_physical_access_level_upon_qualification": 2,
      "_grant_badge_reader_access_upon_qualification": null,
      "_reservation_horizon": 14,
      "_minimum_usage_block_time": 30,
      "_maximum_usage_block_time": 120,
      "_maximum_reservations_per_day": null,
      "_minimum_time_between_reservations": null,
      "_maximum_future_reservation_time": null,
      "_missed_reservation_threshold": 30,
      "_max_delayed_logoff": null,
      "_post_usage_questions": "",
      "_policy_off_between_times": false,
      "_policy_off_start_time": null,
      "_policy_off_end_time": null,
      "_policy_off_weekend": false,
      "_backup_owners": [
        [
          "ned"
        ],
        [
          "professor"
        ]
      ],
      "_superusers": []
    }
  },
  {
    "model": "NEMO.tool",
    "fields": {
      "name": "SussMA8",
      "parent_tool": null,
      "visible": true,
      "_description": "",
      "_serial": "",
      "_image": "",
      "_tool_calendar_color": "#33ad33",
      "_category": "Lithography",
      "_operational": true,
      "_primary_owner": [
        "captain"
      ],
      "_location": "215/A102",
      "_phone_number": "x2119",
      "_notification_email_address": "service@nautilus.com",
      "_interlock": null,
      "_requires_area_access": null,
      "_grant_physical_access_level_upon_qualification": 2,
      "_grant_badge_reader_access_upon_qualification": null,
      "_reservation_horizon": 14,
      "_minimum_usage_block_time": 30,
      "_maximum_usage_block_time": 120,
      "_maximum_reservations_per_day": null,
      "_minimum_time_between_reservations": null,
      "_maximum_future_reservation_time": null,
      "_missed_reservation_threshold": 30,
      "_max_delayed_logoff": null,
      "_post_usage_questions": "",
      "_policy_off_between_times": false,
      "_policy_off_start_time": null,
      "_policy_off_end_time": null,
      "_policy_off_weekend": false,
      "_backup_owners": [
        [
          "ned"
        ],
        [
          "professor"
        ]
      ],
      "_superusers": []
    }
  },
  {
    "model": "NEMO.tool",
    "fields": {
      "name": "HMDS Prime",
      "parent_tool": null,
      "visible": true,
      "_description": "",
      "_serial": "",
      "_image": "",
      "_tool_calendar_color": "#33ad33",
      "_category": "Lithography",
      "_operational": true,
      "_primary_owner": [
        "captain"
      ],
      "_location": "215/A105",
      "_phone_number": "x2119",
      "_notification_email_address": "service@nautilus.com",
      "_interlock": null,
      "_requires_area_access": null,
      "_grant_physical_access_level_upon_qualification": 2,
      "_grant_badge_reader_access_upon_qualification": null,
      "_reservation_horizon": 14,
      "_minimum_usage_block_time": 30,
      "_maximum_usage_block_time": 240,
      "_maximum_reservations_per_day": null,
      "_minimum_time_between_reservations": null,
      "_maximum_future_reservation_time": null,
      "_missed_reservation_threshold": 30,
      "_max_delayed_logoff": null,
      "_post_usage_questions": "",
      "_policy_off_between_times": false,
      "_policy_off_start_time": null,
      "_policy_off_end_time": null,
      "_policy_off_weekend": false,
      "_backup_owners": [
        [
          "ned"
        ],
        [
          "professor"
        ]
      ],
      "_superusers": []
    }
  },
  {
    "model": "NEMO.tool",
    "fields": {
      "name": "Hotplate 1",
      "parent_tool": null,
      "visible": true,
      "_description": "",
      "_serial": "",
      "_image": "",
      "_tool_calendar_color": "#33ad33",
      "_category": "Lithography",
      "_operational": true,
      "_primary_owner": [
        "captain"
      ],
      "_location": "215/A105",
      "_phone_number": "x2119",
      "_notification_email_address": "service@nautilus.com",
      "_interlock": null,
      "_requires_area_access": null,
      "_grant_physical_access_level_upon_qualification": 2,
      "_grant_badge_reader_access_upon_qualification": null,
      "_reservation_horizon": 14,
      "_minimum_usage_block_time": 30,
      "_maximum_usage_block_time": 240,
      "_maximum_reservations_per_day": null,
      "_minimum_time_between_reservations": null,
      "_maximum_future_reservation_time": null,
      "_missed_reservation_threshold": null,
      "_max_delayed_logoff": null,
      "_post_usage_questions": "",
      "_policy_off_between_times": false,
      "_policy_off_start_time": null,
      "_policy_off_end_time": null,
      "_policy_off_weekend": false,
      "_backup_owners": [
        [
          "ned"
        ],
        [
          "professor"
        ]
      ],
      "_superusers": []
    }
  },
  {
    "model": "NEMO.tool",
    "fields": {
      "name": "Hotplate 2",
      "parent_tool": null,
      "visible": true,
      "_description": "",
      "_serial": "",
      "_image": "",
      "_tool_calendar_color": "#33ad33",
      "_category": "Lithography",
      "_operational": true,
      "_primary_owner": [
        "captain"
      ],
      "_location": "215/A104",
      "_phone_number": "x2119",
      "_notification_email_address": "service@nautilus.com",
      "_interlock": null,
      "_requires_area_access": null,
      "_grant_physical_access_level_upon_qualification": 2,
      "_grant_badge_reader_access_upon_qualification": null,
      "_reservation_horizon": 14,
      "_minimum_usage_block_time": 30,
      "_maximum_usage_block_time": 240,
      "_maximum_reservations_per_day": null,
      "_minimum_time_between_reservations": null,
      "_maximum_future_reservation_time": null,
      "_missed_reservation_threshold": null,
      "_max_delayed_logoff": null,
      "_post_usage_questions": "",
      "_policy_off_between_times": false,
      "_policy_off_start_time": null,
      "_policy_off_end_time": null,
      "_policy_off_weekend": false,
      "_backup_owners": [
        [
          "ned"
        ],
        [
          "professor"
        ]
      ],
      "_superusers": []
    }
  },
  {
    "model": "NEMO.tool",
    "fields": {
      "name": "Vac Oven 1",
      "parent_tool": null,
      "visible": true,
      "_description": "",
      "_serial": "",
      "_image": "",
      "_tool_calendar_color": "#33ad33",
      "_category": "Lithography",
      "_operational": true,
      "_primary_owner": [
        "captain"
      ],
      "_location": "215/A102",
      "_phone_number": "x2119",
      "_notification_email_address": "service@nautilus.com",
      "_interlock": null,
      "_requires_area_access": null,
      "_grant_physical_access_level_upon_qualification": 2,
      "_grant_badge_reader_access_upon_qualification": null,
      "_reservation_horizon": 14,
      "_minimum_usage_block_time": 30,
      "_maximum_usage_block_time": 240,
      "_maximum_reservations_per_day": null,
      "_minimum_time_between_reservations": null,
      "_maximum_future_reservation_time": null,
      "_missed_reservation_threshold": null,
      "_max_delayed_logoff": null,
      "_post_usage_questions": "",
      "_policy_off_between_times": false,
      "_policy_off_start_time": null,
      "_policy_off_end_time": null,
      "_policy_off_weekend": false,
      "_backup_owners": [
        [
          "ned"
        ],
        [
          "professor"
        ]
      ],
      "_superusers": []
    }
  },
  {
    "model": "NEMO.tool",
    "fields": {
      "name": "Vac Oven 2",
      "parent_tool": null,
      "visible": true,
      "_description": "",
      "_serial": "",
      "_image": "",
      "_tool_calendar_color": "#33ad33",
      "_category": "Lithography",
      "_operational": true,
      "_primary_owner": [
        "captain"
      ],
      "_location": "215/A102",
      "_phone_number": "x2119",
      "_notification_email_address": "service@nautilus.com",
      "_interlock": null,
      "_requires_area_access": null,
      "_grant_physical_access_level_upon_qualification": 2,
      "_grant_badge_reader_access_upon_qualification": null,
      "_reservation_horizon": 14,
      "_minimum_usage_block_time": 30,
      "_maximum_usage_block_time": 240,
      "_maximum_reservations_per_day": null,
      "_minimum_time_between_reservations": null,
      "_maximum_future_reservation_time": null,
      "_missed_reservation_threshold": null,
      "_max_delayed_logoff": null,
      "_post_usage_questions": "",
      "_policy_off_between_times": false,
      "_policy_off_start_time": null,
      "_policy_off_end_time": null,
      "_policy_off_weekend": false,
      "_backup_owners": [
        [
          "ned"
        ],
        [
          "professor"
        ]
      ],
      "_superusers": []
    }
  },
  {
    "model": "NEMO.tool",
    "fields": {
      "name": "Vac Oven 3",
      "parent_tool": null,
      "visible": true,
      "_description": "",
      "_serial": "",
      "_image": "",
      "_tool_calendar_color": "#33ad33",
      "_category": "Lithography",
      "_operational": true,
      "_primary_owner": [
        "captain"
      ],
      "_location": "215/A102",
      "_phone_number": "x2119",
      "_notification_email_address": "service@nautilus.com",
      "_interlock": null,
      "_requires_area_access": null,
      "_grant_physical_access_level_upon_qualification": 2,
      "_grant_badge_reader_access_upon_qualification": null,
      "_reservation_horizon": 14,
      "_minimum_usage_block_time": 30,
      "_maximum_usage_block_time": 240,
      "_maximum_reservations_per_day": null,
      "_minimum_time_between_reservations": null,
      "_maximum_future_reservation_time": null,
      "_missed_reservation_threshold": null,
      "_max_delayed_logoff": null,
      "_post_usage_questions": "",
      "_policy_off_between_times": false,
      "_policy_off_start_time": null,
      "_policy_off_end_time": null,
      "_policy_off_weekend": false,
      "_backup_owners": [
        [
          "ned"
        ],
        [
          "professor"
        ]
      ],
      "_superusers": []
    }
  },
  {
    "model": "NEMO.tool",
    "fields": {
      "name": "Laser Mask Writer",
      "parent_tool": null,
      "visible": true,
      "_description": "",
      "_serial": "",
      "_image": "",
      "_tool_calendar_color": "#33ad33",
      "_category": "Lithography",
      "_operational": true,
      "_primary_owner": [
        "captain"
      ],
      "_location": "215/A103",
      "_phone_number": "x2391",
      "_notification_email_address": "service@nautilus.com",
      "_interlock": null,
      "_requires_area_access": null,
      "_grant_physical_access_level_upon_qualification": 2,
      "_grant_badge_reader_access_upon_qualification": null,
      "_reservation_horizon": 14,
      "_minimum_usage_block_time": 30,
      "_maximum_usage_block_time": 240,
      "_maximum_reservations_per_day": null,
      "_minimum_time_between_reservations": null,
      "_maximum_future_reservation_time": null,
      "_missed_reservation_threshold": 30,
      "_max_delayed_logoff": null,
      "_post_usage_questions": "",
      "_policy_off_between_times": false,
      "_policy_off_start_time": null,
      "_policy_off_end_time": null,
      "_policy_off_weekend": false,
      "_backup_owners": [
        [
          "ned"
        ],
        [
          "professor"
        ]
      ],
      "_superusers": []
    }
  },
  {
    "model": "NEMO.tool",
    "fields": {
      "name": "Nano-imprinter",
      "parent_tool": null,
      "visible": true,
      "_description": "",
      "_serial": "",
      "_image": "",
      "_tool_calendar_color": "#33ad33",
      "_category": "Lithography",
      "_operational": true,
      "_primary_owner": [
        "captain"
      ],
      "_location": "215/A103",
      "_phone_number": "x2391",
      "_notification_email_address": "service@nautilus.com",
      "_interlock": null,
      "_requires_area_access": null,
      "_grant_physical_access_level_upon_qualification": 2,
      "_grant_badge_reader_access_upon_qualification": null,
      "_reservation_horizon": 14,
      "_minimum_usage_block_time": 30,
      "_maximum_usage_block_time": 240,
      "_maximum_reservations_per_day": null,
      "_minimum_time_between_reservations": null,
      "_maximum_future_reservation_time": null,
      "_missed_reservation_threshold": 30,
      "_max_delayed_logoff": null,
      "_post_usage_questions": "",
      "_policy_off_between_times": false,
      "_policy_off_start_time": null,
      "_policy_off_end_time": null,
      "_policy_off_weekend": false,
      "_backup_owners": [
        [
          "ned"
        ],
        [
          "professor"
        ]
      ],
      "_superusers": []
    }
  },
  {
    "model": "NEMO.tool",
    "fields": {
      "name": "Gold Wire Bonder",
      "parent_tool": null,
      "visible": true,
      "_description": "",
      "_serial": "",
      "_image": "",
      "_tool_calendar_color": "#33ad33",
      "_category": "Packaging",
      "_operational": true,
      "_primary_owner": [
        "captain"
      ],
      "_location": "216/F108",
      "_phone_number": "x6090",
      "_notification_email_address": "service@nautilus.com",
      "_interlock": null,
      "_requires_area_access": null,
      "_grant_physical_access_level_upon_qualification": null,
      "_grant_badge_reader_access_upon_qualification": null,
      "_reservation_horizon": 14,
      "_minimum_usage_block_time": 30,
      "_maximum_usage_block_time": 240,
      "_maximum_reservations_per_day": null,
      "_minimum_time_between_reservations": null,
      "_maximum_future_reservation_time": null,
      "_missed_reservation_threshold": 30,
      "_max_delayed_logoff": null,
      "_post_usage_questions": "",
      "_policy_off_between_times": false,
      "_policy_off_start_time": null,
      "_policy_off_end_time": null,
      "_policy_off_weekend": false,
      "_backup_owners": [
        [
          "ned"
        ],
        [
          "professor"
        ]
      ],
      "_superusers": []
    }
  },
  {
    "model": "NEMO.tool",
    "fields": {
      "name": "Film Stress",
      "parent_tool": null,
      "visible": true,
      "_description": "",
      "_serial": "",
      "_image": "",
      "_tool_calendar_color": "#33ad33",
      "_category": "Metrology",
      "_operational": true,
      "_primary_owner": [
        "captain"
      ],
      "_location": "215/B107",
      "_phone_number": "x3728",
      "_notification_email_address": "service@nautilus.com",
      "_interlock": null,
      "_requires_area_access": null,
      "_grant_physical_access_level_upon_qualification": 2,
      "_grant_badge_reader_access_upon_qualification": null,
      "_reservation_horizon": 14,
      "_minimum_usage_block_time": 30,
      "_maximum_usage_block_time": 240,
      "_maximum_reservations_per_day": null,
      "_minimum_time_between_reservations": null,
      "_maximum_future_reservation_time": null,
      "_missed_reservation_threshold": null,
      "_max_delayed_logoff": null,
      "_post_usage_questions": "",
      "_policy_off_between_times": false,
      "_policy_off_start_time": null,
      "_policy_off_end_time": null,
      "_policy_off_weekend": false,
      "_backup_owners": [
        [
          "ned"
        ],
        [
          "professor"
        ]
      ],
      "_superusers": []
    }
  },
  {
    "model": "NEMO.tool",
    "fields": {
      "name": "Goniometer",
      "parent_tool": null,
      "visible": true,
      "_description": "",
      "_serial": "",
      "_image": "",
      "_tool_calendar_color": "#33ad33",
      "_category": "Metrology",
      "_operational": true,
      "_primary_owner": [
        "captain"
      ],
      "_location": "215/B107",
      "_phone_number": "x2528",
      "_notification_email_address": "service@nautilus.com",
      "_interlock": null,
      "_requires_area_access": null,
      "_grant_physical_access_level_upon_qualification": 2,
      "_grant_badge_reader_access_upon_qualification": null,
      "_reservation_horizon": 14,
      "_minimum_usage_block_time": 30,
      "_maximum_usage_block_time": 240,
      "_maximum_reservations_per_day": null,
      "_minimum_time_between_reservations": null,
      "_maximum_future_reservation_time": null,
      "_missed_reservation_threshold": null,
      "_max_delayed_logoff": null,
      "_post_usage_questions": "",
      "_policy_off_between_times": false,
      "_policy_off_start_time": null,
      "_policy_off_end_time": null,
      "_policy_off_weekend": false,
      "_backup_owners": [
        [
          "ned"
        ],
        [
          "professor"
        ]
      ],
      "_superusers": []
    }
  },
  {
    "model": "NEMO.tool",
    "fields": {
      "name": "Ellipsometer",
      "parent_tool": null,
      "visible": true,
      "_description": "",
      "_serial": "",
      "_image": "",
      "_tool_calendar_color": "#33ad33",
      "_category": "Metrology",
      "_operational": true,
      "_primary_owner": [
        "captain"
      ],
      "_location": "215/B107",
      "_phone_number": "x3728",
      "_notification_email_address": "service@nautilus.com",
      "_interlock": null,
      "_requires_area_access": null,
      "_grant_physical_access_level_upon_qualification": 2,
      "_grant_badge_reader_access_upon_qualification": null,
      "_reservation_horizon": 14,
      "_minimum_usage_block_time": 30,
      "_maximum_usage_block_time": 240,
      "_maximum_reservations_per_day": null,
      "_minimum_time_between_reservations": null,
      "_maximum_future_reservation_time": null,
      "_missed_reservation_threshold": null,
      "_max_delayed_logoff": null,
      "_post_usage_questions": "",
      "_policy_off_between_times": false,
      "_policy_off_start_time": null,
      "_policy_off_end_time": null,
      "_policy_off_weekend": false,
      "_backup_owners": [
        [
          "ned"
        ],
        [
          "professor"
        ]
      ],
      "_superusers": []
    }
  },
  {
    "model": "NEMO.tool",
    "fields": {
      "name": "Dektak XT 1",
      "parent_tool": null,
      "visible": true,
      "_description": "",
      "_serial": "",
      "_image": "",
      "_tool_calendar_color": "#33ad33",
      "_category": "Metrology",
      "_operational": true,
      "_primary_owner": [
        "captain"
      ],
      "_location": "215/B107",
      "_phone_number": "x3728",
      "_notification_email_address": "service@nautilus.com",
      "_interlock": null,
      "_requires_area_access": null,
      "_grant_physical_access_level_upon_qualification": 2,
      "_grant_badge_reader_access_upon_qualification": null,
      "_reservation_horizon": 14,
      "_minimum_usage_block_time": 30,
      "_maximum_usage_block_time": 240,
      "_maximum_reservations_per_day": null,
      "_minimum_time_between_reservations": null,
      "_maximum_future_reservation_time": null,
      "_missed_reservation_threshold": null,
      "_max_delayed_logoff": null,
      "_post_usage_questions": "",
      "_policy_off_between_times": false,
      "_policy_off_start_time": null,
      "_policy_off_end_time": null,
      "_policy_off_weekend": false,
      "_backup_owners": [
        [
          "ned"
        ],
        [
          "professor"
        ]
      ],
      "_superusers": []
    }
  },
  {
    "model": "NEMO.tool",
    "fields": {
      "name": "Sputter B104 Left",
      "parent_tool": null,
      "visible": true,
      "_description": "",
      "_serial": "",
      "_image": "",
      "_tool_calendar_color": "#33ad33",
      "_category": "Physical Vapor Deposition",
      "_operational": true,
      "_primary_owner": [
        "captain"
      ],
      "_location": "215/B104",
      "_phone_number": "x3574",
      "_notification_email_address": "service@nautilus.com",
      "_interlock": null,
      "_requires_area_access": null,
      "_grant_physical_access_level_upon_qualification": 2,
      "_grant_badge_reader_access_upon_qualification": null,
      "_reservation_horizon": 14,
      "_minimum_usage_block_time": 30,
      "_maximum_usage_block_time": 240,
      "_maximum_reservations_per_day": 2,
      "_minimum_time_between_reservations": 180,
      "_maximum_future_reservation_time": 1440,
      "_missed_reservation_threshold": 30,
      "_max_delayed_logoff": null,
      "_post_usage_questions": "",
      "_policy_off_between_times": false,
      "_policy_off_start_time": null,
      "_policy_off_end_time": null,
      "_policy_off_weekend": false,
      "_backup_owners": [
        [
          "ned"
        ],
        [
          "professor"
        ]
      ],
      "_superusers": []
    }
  },
  {
    "model": "NEMO.tool",
    "fields": {
      "name": "Sputter B104 Right",
      "parent_tool": null,
      "visible": true,
      "_description": "",
      "_serial": "",
      "_image": "",
      "_tool_calendar_color": "#33ad33",
      "_category": "Physical Vapor Deposition",
      "_operational": true,
      "_primary_owner": [
        "captain"
      ],
      "_location": "215/B104",
      "_phone_number": "x3574",
      "_notification_email_address": "service@nautilus.com",
      "_interlock": null,
      "_requires_area_access": null,
      "_grant_physical_access_level_upon_qualification": 2,
      "_grant_badge_reader_access_upon_qualification": null,
      "_reservation_horizon": 14,
      "_minimum_usage_block_time": 30,
      "_maximum_usage_block_time": 240,
      "_maximum_reservations_per_day": 240,
      "_minimum_time_between_reservations": null,
      "_maximum_future_reservation_time": null,
      "_missed_reservation_threshold": 30,
      "_max_delayed_logoff": null,
      "_post_usage_questions": "",
      "_policy_off_between_times": false,
      "_policy_off_start_time": null,
      "_policy_off_end_time": null,
      "_policy_off_weekend": false,
      "_backup_owners": [
        [
          "ned"
        ],
        [
          "professor"
        ]
      ],
      "_superusers": []
    }
  },
  {
    "model": "NEMO.tool",
    "fields": {
      "name": "Parylene Deposition",
      "parent_tool": null,
      "visible": true,
      "_description": "",
      "_serial": "",
      "_image": "",
      "_tool_calendar_color": "#33ad33",
      "_category": "Physical Vapor Deposition",
      "_operational": true,
      "_primary_owner": [
        "captain"
      ],
      "_location": "215/B104",
      "_phone_number": "x3574",
      "_notification_email_address": "service@nautilus.com",
      "_interlock": null,
      "_requires_area_access": null,
      "_grant_physical_access_level_upon_qualification": 2,
      "_grant_badge_reader_access_upon_qualification": null,
      "_reservation_horizon": 14,
      "_minimum_usage_block_time": 30,
      "_maximum_usage_block_time": 480,
      "_maximum_reservations_per_day": null,
      "_minimum_time_between_reservations": null,
      "_maximum_future_reservation_time": null,
      "_missed_reservation_threshold": 30,
      "_max_delayed_logoff": null,
      "_post_usage_questions": "",
      "_policy_off_between_times": false,
      "_policy_off_start_time": null,
      "_policy_off_end_time": null,
      "_policy_off_weekend": false,
      "_backup_owners": [
        [
          "ned"
        ],
        [
          "professor"
        ]
      ],
      "_superusers": []
    }
  },
  {
    "model": "NEMO.tool",
    "fields": {
      "name": "Wafer Bonder",
      "parent_tool": null,
      "visible": true,
      "_description": "",
      "_serial": "",
      "_image": "",
      "_tool_calendar_color": "#33ad33",
      "_category": "Specialty Tools",
      "_operational": true,
      "_primary_owner": [
        "captain"
      ],
      "_location": "215/B103",
      "_phone_number": "x2528",
      "_notification_email_address": "service@nautilus.com",
      "_interlock": null,
      "_requires_area_access": null,
      "_grant_physical_access_level_upon_qualification": 2,
      "_grant_badge_reader_access_upon_qualification": null,
      "_reservation_horizon": 14,
      "_minimum_usage_block_time": 30,
      "_maximum_usage_block_time": 240,
      "_maximum_reservations_per_day": null,
      "_minimum_time_between_reservations": null,
      "_maximum_future_reservation_time": null,
      "_missed_reservation_threshold": 30,
      "_max_delayed_logoff": null,
      "_post_usage_questions": "",
      "_policy_off_between_times": false,
      "_policy_off_start_time": null,
      "_policy_off_end_time": null,
      "_policy_off_weekend": false,
      "_backup_owners": [
        [
          "ned"
        ],
        [
          "professor"
        ]
      ],
      "_superusers": []
    }
  },
  {
    "model": "NEMO.tool",
    "fields": {
      "name": "Critical Point Dryer 1",
      "parent_tool": null,
      "visible": true,
      "_description": "",
      "_serial": "",
      "_image": "",
      "_tool_calendar_color": "#33ad33",
      "_category": "Specialty Tools",
      "_operational": true,
      "_primary_owner": [
        "captain"
      ],
      "_location": "215/A102",
      "_phone_number": "x2119",
      "_notification_email_address": "service@nautilus.com",
      "_interlock": null,
      "_requires_area_access": null,
      "_grant_physical_access_level_upon_qualification": 2,
      "_grant_badge_reader_access_upon_qualification": null,
      "_reservation_horizon": 14,
      "_minimum_usage_block_time": 30,
      "_maximum_usage_block_time": 240,
      "_maximum_reservations_per_day": null,
      "_minimum_time_between_reservations": null,
      "_maximum_future_reservation_time": null,
      "_missed_reservation_threshold": 30,
      "_max_delayed_logoff": null,
      "_post_usage_questions": "",
      "_policy_off_between_times": false,
      "_policy_off_start_time": null,
      "_policy_off_end_time": null,
      "_policy_off_weekend": false,
      "_backup_owners": [
        [
          "ned"
        ],
        [
          "professor"
        ]
      ],
      "_superusers": []
    }
  },
  {
    "model": "NEMO.tool",
    "fields": {
      "name": "Critical Point Dryer 2",
      "parent_tool": null,
      "visible": true,
      "_description": "",
      "_serial": "",
      "_image": "",
      "_tool_calendar_color": "#33ad33",
      "_category": "Specialty Tools",
      "_operational": true,
      "_primary_owner": [
        "captain"
      ],
      "_location": "215/B101",
      "_phone_number": "x3342",
      "_notification_email_address": "service@nautilus.com",
      "_interlock": null,
      "_requires_area_access": null,
      "_grant_physical_access_level_upon_qualification": 2,
      "_grant_badge_reader_access_upon_qualification": null,
      "_reservation_horizon": 14,
      "_minimum_usage_block_time": 30,
      "_maximum_usage_block_time": 240,
      "_maximum_reservations_per_day": null,
      "_minimum_time_between_reservations": null,
      "_maximum_future_reservation_time": null,
      "_missed_reservation_threshold": 30,
      "_max_delayed_logoff": null,
      "_post_usage_questions": "",
      "_policy_off_between_times": false,
      "_policy_off_start_time": null,
      "_policy_off_end_time": null,
      "_policy_off_weekend": false,
      "_backup_owners": [
        [
          "ned"
        ],
        [
          "professor"
        ]
      ],
      "_superusers": []
    }
  },
  {
    "model": "NEMO.tool",
    "fields": {
      "name": "CMP",
      "parent_tool": null,
      "visible": true,
      "_description": "",
      "_serial": "",
      "_image": "",
      "_tool_calendar_color": "#33ad33",
      "_category": "Specialty Tools",
      "_operational": true,
      "_primary_owner": [
        "captain"
      ],
      "_location": "215/C02-2",
      "_phone_number": "x6090",
      "_notification_email_address": "service@nautilus.com",
      "_interlock": null,
      "_requires_area_access": null,
      "_grant_physical_access_level_upon_qualification": null,
      "_grant_badge_reader_access_upon_qualification": null,
      "_reservation_horizon": 14,
      "_minimum_usage_block_time": 30,
      "_maximum_usage_block_time": 360,
      "_maximum_reservations_per_day": null,
      "_minimum_time_between_reservations": null,
      "_maximum_future_reservation_time": null,
      "_missed_reservation_threshold": 30,
      "_max_delayed_logoff": null,
      "_post_usage_questions": "[\n    {\n        \"form_row\": 1,\n        \"type\": \"number\",\n        \"title\": \"How much NX88 slurry was used?\",\n        \"max-width\": 275,\n        \"suffix\": \"mL\",\n        \"required\": true,\n        \"default_choice\": null,\n        \"placeholder\": \"0\",\n        \"name\": \"NX88\",\n        \"consumable\": \"NX88 (ml)\"\n    },\n    {\n        \"form_row\": 1,\n        \"type\": \"number\",\n        \"title\": \"How much SS25E slurry was used?\",\n        \"max-width\": 275,\n        \"suffix\": \"mL\",\n        \"required\": true,\n        \"default_choice\": null,\n        \"placeholder\": \"0\",\n        \"name\": \"SS25E\",\n        \"consumable\": \"SS25E (mL)\"\n    },\n    {\n        \"form_row\": 2,\n        \"type\": \"number\",\n        \"title\": \"How much 6103 slurry was used?\",\n        \"max-width\": 275,\n        \"suffix\": \"mL\",\n        \"required\": true,\n        \"default_choice\": null,\n        \"placeholder\": \"0\",\n        \"name\": \"6103\",\n        \"consumable\": \"6103 (mL)\"\n    },\n    {\n        \"form_row\": 2,\n        \"type\": \"number\",\n        \"title\": \"How much 556 slurry was used?\",\n        \"max-width\": 275,\n        \"suffix\": \"mL\",\n        \"required\": true,\n        \"default_choice\": null,\n        \"placeholder\": \"0\",\n        \"name\": \"556\",\n        \"consumable\": \"556 (mL)\"\n    },\n    {\n        \"form_row\": 3,\n        \"type\": \"number\",\n        \"title\": \"How much 220A slurry was used?\",\n        \"max-width\": 275,\n        \"suffix\": \"mL\",\n        \"required\": true,\n        \"default_choice\": null,\n        \"placeholder\": \"0\",\n        \"name\": \"220A\",\n        \"consumable\": \"220A (mL)\"\n    },\n    {\n        \"form_row\": 3,\n        \"type\": \"number\",\n        \"title\": \"How much A7100 slurry was used?\",\n        \"max-width\": 275,\n        \"suffix\": \"mL\",\n        \"required\": true,\n        \"default_choice\": null,\n        \"placeholder\": \"0\",\n        \"name\": \"A7100\",\n        \"consumable\": \"A7100 (mL)\"\n    }\n]",
      "_policy_off_between_times": false,
      "_policy_off_start_time": null,
      "_policy_off_end_time": null,
      "_policy_off_weekend": false,
      "_backup_owners": [
        [
          "ned"
        ],
        [
          "professor"
        ]
      ],
      "_superusers": []
    }
  },
  {
    "model": "NEMO.tool",
    "fields": {
      "name": "B101 RCA Bench",
      "parent_tool": null,
      "visible": true,
      "_description": "",
      "_serial": "",
      "_image": "",
      "_tool_calendar_color": "#33ad33",
      "_category": "Wet Chemistry",
      "_operational": true,
      "_primary_owner": [
        "captain"
      ],
      "_location": "215/B101",
      "_phone_number": "x3342",
      "_notification_email_address": "service@nautilus.com",
      "_interlock": null,
      "_requires_area_access": null,
      "_grant_physical_access_level_upon_qualification": 2,
      "_grant_badge_reader_access_upon_qualification": null,
      "_reservation_horizon": 14,
      "_minimum_usage_block_time": 30,
      "_maximum_usage_block_time": 240,
      "_maximum_reservations_per_day": null,
      "_minimum_time_between_reservations": null,
      "_maximum_future_reservation_time": null,
      "_missed_reservation_threshold": null,
      "_max_delayed_logoff": null,
      "_post_usage_questions": "",
      "_policy_off_between_times": false,
      "_policy_off_start_time": null,
      "_policy_off_end_time": null,
      "_policy_off_weekend": false,
      "_backup_owners": [
        [
          "ned"
        ],
        [
          "professor"
        ]
      ],
      "_superusers": []
    }
  },
  {
    "model": "NEMO.tool",
    "fields": {
      "name": "B101 Hot Phos Bench",
      "parent_tool": null,
      "visible": true,
      "_description": "",
      "_serial": "",
      "_image": "",
      "_tool_calendar_color": "#33ad33",
      "_category": "Wet Chemistry",
      "_operational": true,
      "_primary_owner": [
        "captain"
      ],
      "_location": "215/B101",
      "_phone_number": "x3342",
      "_notification_email_address": "service@nautilus.com",
      "_interlock": null,
      "_requires_area_access": null,
      "_grant_physical_access_level_upon_qualification": 2,
      "_grant_badge_reader_access_upon_qualification": null,
      "_reservation_horizon": 14,
      "_minimum_usage_block_time": 30,
      "_maximum_usage_block_time": 240,
      "_maximum_reservations_per_day": null,
      "_minimum_time_between_reservations": null,
      "_maximum_future_reservation_time": null,
      "_missed_reservation_threshold": null,
      "_max_delayed_logoff": null,
      "_post_usage_questions": "",
      "_policy_off_between_times": false,
      "_policy_off_start_time": null,
      "_policy_off_end_time": null,
      "_policy_off_weekend": false,
      "_backup_owners": [
        [
          "ned"
        ],
        [
          "professor"
        ]
      ],
      "_superusers": []
    }
  },
  {
    "model": "NEMO.tool",
    "fields": {
      "name": "B101 KOH Bench",
      "parent_tool": null,
      "visible": true,
      "_description": "",
      "_serial": "",
      "_image": "",
      "_tool_calendar_color": "#33ad33",
      "_category": "Wet Chemistry",
      "_operational": true,
      "_primary_owner": [
        "captain"
      ],
      "_location": "215/B101",
      "_phone_number": "x3342",
      "_notification_email_address": "service@nautilus.com",
      "_interlock": null,
      "_requires_area_access": null,
      "_grant_physical_access_level_upon_qualification": 2,
      "_grant_badge_reader_access_upon_qualification": null,
      "_reservation_horizon": 14,
      "_minimum_usage_block_time": 30,
      "_maximum_usage_block_time": 240,
      "_maximum_reservations_per_day": null,
      "_minimum_time_between_reservations": null,
      "_maximum_future_reservation_time": null,
      "_missed_reservation_threshold": null,
      "_max_delayed_logoff": null,
      "_post_usage_questions": "",
      "_policy_off_between_times": false,
      "_policy_off_start_time": null,
      "_policy_off_end_time": null,
      "_policy_off_weekend": false,
      "_backup_owners": [
        [
          "ned"
        ],
        [
          "professor"
        ]
      ],
      "_superusers": []
    }
  },
  {
    "model": "NEMO.tool",
    "fields": {
      "name": "B101 Solvent Hood",
      "parent_tool": null,
      "visible": true,
      "_description": "",
      "_serial": "",
      "_image": "",
      "_tool_calendar_color": "#33ad33",
      "_category": "Wet Chemistry",
      "_operational": true,
      "_primary_owner": [
        "captain"
      ],
      "_location": "215/B101",
      "_phone_number": "x3342",
      "_notification_email_address": "service@nautilus.com",
      "_interlock": null,
      "_requires_area_access": null,
      "_grant_physical_access_level_upon_qualification": 2,
      "_grant_badge_reader_access_upon_qualification": null,
      "_reservation_horizon": 14,
      "_minimum_usage_block_time": 30,
      "_maximum_usage_block_time": 240,
      "_maximum_reservations_per_day": null,
      "_minimum_time_between_reservations": null,
      "_maximum_future_reservation_time": null,
      "_missed_reservation_threshold": null,
      "_max_delayed_logoff": null,
      "_post_usage_questions": "",
      "_policy_off_between_times": false,
      "_policy_off_start_time": null,
      "_policy_off_end_time": null,
      "_policy_off_weekend": false,
      "_backup_owners": [
        [
          "ned"
        ],
        [
          "professor"
        ]
      ],
      "_superusers": []
    }
  },
  {
    "model": "NEMO.tool",
    "fields": {
      "name": "B102 Acid Hood",
      "parent_tool": null,
      "visible": true,
      "_description": "",
      "_serial": "",
      "_image": "",
      "_tool_calendar_color": "#33ad33",
      "_category": "Wet Chemistry",
      "_operational": false,
      "_primary_owner": [
        "captain"
      ],
      "_location": "215/B102",
      "_phone_number": "x6088",
      "_notification_email_address": "service@nautilus.com",
      "_interlock": null,
      "_requires_area_access": null,
      "_grant_physical_access_level_upon_qualification": 2,
      "_grant_badge_reader_access_upon_qualification": null,
      "_reservation_horizon": 14,
      "_minimum_usage_block_time": 30,
      "_maximum_usage_block_time": 240,
      "_maximum_reservations_per_day": null,
      "_minimum_time_between_reservations": null,
      "_maximum_future_reservation_time": null,
      "_missed_reservation_threshold": null,
      "_max_delayed_logoff": null,
      "_post_usage_questions": "",
      "_policy_off_between_times": false,
      "_policy_off_start_time": null,
      "_policy_off_end_time": null,
      "_policy_off_weekend": false,
      "_backup_owners": [
        [
          "ned"
        ],
        [
          "professor"
        ]
      ],
      "_superusers": []
    }
  },
  {
    "model": "NEMO.tool",
    "fields": {
      "name": "A103 Photomask Bench",
      "parent_tool": null,
      "visible": true,
      "_description": "",
      "_serial": "",
      "_image": "",
      "_tool_calendar_color": "#33ad33",
      "_category": "Lithography/Spin-Develop",
      "_operational": true,
      "_primary_owner": [
        "captain"
      ],
      "_location": "215/A103",
      "_phone_number": "x2391",
      "_notification_email_address": "service@nautilus.com",
      "_interlock": null,
      "_requires_area_access": null,
      "_grant_physical_access_level_upon_qualification": 2,
      "_grant_badge_reader_access_upon_qualification": null,
      "_reservation_horizon": 14,
      "_minimum_usage_block_time": 30,
      "_maximum_usage_block_time": 240,
      "_maximum_reservations_per_day": null,
      "_minimum_time_between_reservations": null,
      "_maximum_future_reservation_time": null,
      "_missed_reservation_threshold": null,
      "_max_delayed_logoff": null,
      "_post_usage_questions": "",
      "_policy_off_between_times": false,
      "_policy_off_start_time": null,
      "_policy_off_end_time": null,
      "_policy_off_weekend": false,
      "_backup_owners": [
        [
          "ned"
        ],
        [
          "professor"
        ]
      ],
      "_superusers": []
    }
  },
  {
    "model": "NEMO.tool",
    "fields": {
      "name": "ASML Design Station",
      "parent_tool": null,
      "visible": true,
      "_description": "",
      "_serial": "",
      "_image": "",
      "_tool_calendar_color": "#33ad33",
      "_category": "Lithography",
      "_operational": true,
      "_primary_owner": [
        "captain"
      ],
      "_location": "215/D101",
      "_phone_number": "x5092",
      "_notification_email_address": "service@nautilus.com",
      "_interlock": null,
      "_requires_area_access": null,
      "_grant_physical_access_level_upon_qualification": null,
      "_grant_badge_reader_access_upon_qualification": null,
      "_reservation_horizon": 14,
      "_minimum_usage_block_time": 30,
      "_maximum_usage_block_time": 240,
      "_maximum_reservations_per_day": null,
      "_minimum_time_between_reservations": null,
      "_maximum_future_reservation_time": null,
      "_missed_reservation_threshold": 30,
      "_max_delayed_logoff": null,
      "_post_usage_questions": "",
      "_policy_off_between_times": false,
      "_policy_off_start_time": null,
      "_policy_off_end_time": null,
      "_policy_off_weekend": false,
      "_backup_owners": [
        [
          "ned"
        ],
        [
          "professor"
        ]
      ],
      "_superusers": []
    }
  },
  {
    "model": "NEMO.tool",
    "fields": {
      "name": "Metal Liftoff",
      "parent_tool": null,
      "visible": true,
      "_description": "",
      "_serial": "",
      "_image": "",
      "_tool_calendar_color": "#33ad33",
      "_category": "Wet Chemistry",
      "_operational": true,
      "_primary_owner": [
        "captain"
      ],
      "_location": "215/A102",
      "_phone_number": "x2119",
      "_notification_email_address": "service@nautilus.com",
      "_interlock": null,
      "_requires_area_access": null,
      "_grant_physical_access_level_upon_qualification": 2,
      "_grant_badge_reader_access_upon_qualification": null,
      "_reservation_horizon": 14,
      "_minimum_usage_block_time": 30,
      "_maximum_usage_block_time": 240,
      "_maximum_reservations_per_day": null,
      "_minimum_time_between_reservations": null,
      "_maximum_future_reservation_time": null,
      "_missed_reservation_threshold": 30,
      "_max_delayed_logoff": null,
      "_post_usage_questions": "",
      "_policy_off_between_times": false,
      "_policy_off_start_time": null,
      "_policy_off_end_time": null,
      "_policy_off_weekend": false,
      "_backup_owners": [
        [
          "ned"
        ],
        [
          "professor"
        ]
      ],
      "_superusers": []
    }
  },
  {
    "model": "NEMO.tool",
    "fields": {
      "name": "Parametric Test",
      "parent_tool": null,
      "visible": true,
      "_description": "",
      "_serial": "",
      "_image": "",
      "_tool_calendar_color": "#33ad33",
      "_category": "Metrology",
      "_operational": true,
      "_primary_owner": [
        "captain"
      ],
      "_location": "215/B107",
      "_phone_number": "x3728",
      "_notification_email_address": "service@nautilus.com",
      "_interlock": null,
      "_requires_area_access": null,
      "_grant_physical_access_level_upon_qualification": 2,
      "_grant_badge_reader_access_upon_qualification": null,
      "_reservation_horizon": 14,
      "_minimum_usage_block_time": 30,
      "_maximum_usage_block_time": 240,
      "_maximum_reservations_per_day": null,
      "_minimum_time_between_reservations": null,
      "_maximum_future_reservation_time": null,
      "_missed_reservation_threshold": null,
      "_max_delayed_logoff": null,
      "_post_usage_questions": "",
      "_policy_off_between_times": false,
      "_policy_off_start_time": null,
      "_policy_off_end_time": null,
      "_policy_off_weekend": false,
      "_backup_owners": [
        [
          "ned"
        ],
        [
          "professor"
        ]
      ],
      "_superusers": []
    }
  },
  {
    "model": "NEMO.tool",
    "fields": {
      "name": "B102 Spin Rinse Dryer",
      "parent_tool": null,
      "visible": true,
      "_description": "",
      "_serial": "",
      "_image": "",
      "_tool_calendar_color": "#33ad33",
      "_category": "Wet Chemistry",
      "_operational": true,
      "_primary_owner": [
        "captain"
      ],
      "_location": "215/B102",
      "_phone_number": "x6088",
      "_notification_email_address": "service@nautilus.com",
      "_interlock": null,
      "_requires_area_access": null,
      "_grant_physical_access_level_upon_qualification": 2,
      "_grant_badge_reader_access_upon_qualification": null,
      "_reservation_horizon": 14,
      "_minimum_usage_block_time": 30,
      "_maximum_usage_block_time": 240,
      "_maximum_reservations_per_day": null,
      "_minimum_time_between_reservations": null,
      "_maximum_future_reservation_time": null,
      "_missed_reservation_threshold": null,
      "_max_delayed_logoff": null,
      "_post_usage_questions": "",
      "_policy_off_between_times": false,
      "_policy_off_start_time": null,
      "_policy_off_end_time": null,
      "_policy_off_weekend": false,
      "_backup_owners": [
        [
          "ned"
        ],
        [
          "professor"
        ]
      ],
      "_superusers": []
    }
  },
  {
    "model": "NEMO.tool",
    "fields": {
      "name": "XRD",
      "parent_tool": null,
      "visible": true,
      "_description": "",
      "_serial": "",
      "_image": "",
      "_tool_calendar_color": "#33ad33",
      "_category": "Metrology",
      "_operational": true,
      "_primary_owner": [
        "captain"
      ],
      "_location": "216/G103",
      "_phone_number": "x75128",
      "_notification_email_address": "nanofab_microscopy@nist.gov",
      "_interlock": null,
      "_requires_area_access": null,
      "_grant_physical_access_level_upon_qualification": null,
      "_grant_badge_reader_access_upon_qualification": null,
      "_reservation_horizon": 14,
      "_minimum_usage_block_time": 30,
      "_maximum_usage_block_time": 480,
      "_maximum_reservations_per_day": null,
      "_minimum_time_between_reservations": null,
      "_maximum_future_reservation_time": null,
      "_missed_reservation_threshold": 30,
      "_max_delayed_logoff": null,
      "_post_usage_questions": "",
      "_policy_off_between_times": false,
      "_policy_off_start_time": null,
      "_policy_off_end_time": null,
      "_policy_off_weekend": false,
      "_backup_owners": [
        [
          "ned"
        ],
        [
          "professor"
        ]
      ],
      "_superusers": []
    }
  },
  {
    "model": "NEMO.tool",
    "fields": {
      "name": "Asylum AFM",
      "parent_tool": null,
      "visible": true,
      "_description": "",
      "_serial": "",
      "_image": "",
      "_tool_calendar_color": "#33ad33",
      "_category": "Imaging and Analysis",
      "_operational": true,
      "_primary_owner": [
        "captain"
      ],
      "_location": "216/F108",
      "_phone_number": "x6084",
      "_notification_email_address": "nanofab_microscopy@nist.gov",
      "_interlock": null,
      "_requires_area_access": null,
      "_grant_physical_access_level_upon_qualification": null,
      "_grant_badge_reader_access_upon_qualification": null,
      "_reservation_horizon": 14,
      "_minimum_usage_block_time": 30,
      "_maximum_usage_block_time": 720,
      "_maximum_reservations_per_day": null,
      "_minimum_time_between_reservations": null,
      "_maximum_future_reservation_time": null,
      "_missed_reservation_threshold": 30,
      "_max_delayed_logoff": null,
      "_post_usage_questions": "",
      "_policy_off_between_times": false,
      "_policy_off_start_time": null,
      "_policy_off_end_time": null,
      "_policy_off_weekend": false,
      "_backup_owners": [
        [
          "ned"
        ],
        [
          "professor"
        ]
      ],
      "_superusers": []
    }
  },
  {
    "model": "NEMO.tool",
    "fields": {
      "name": "Aluminum Wire Bonder",
      "parent_tool": null,
      "visible": true,
      "_description": "",
      "_serial": "",
      "_image": "",
      "_tool_calendar_color": "#33ad33",
      "_category": "Packaging",
      "_operational": true,
      "_primary_owner": [
        "captain"
      ],
      "_location": "216/F108",
      "_phone_number": "x6090",
      "_notification_email_address": "nanofab_postprocess@nist.gov",
      "_interlock": null,
      "_requires_area_access": null,
      "_grant_physical_access_level_upon_qualification": null,
      "_grant_badge_reader_access_upon_qualification": null,
      "_reservation_horizon": null,
      "_minimum_usage_block_time": null,
      "_maximum_usage_block_time": 360,
      "_maximum_reservations_per_day": null,
      "_minimum_time_between_reservations": null,
      "_maximum_future_reservation_time": null,
      "_missed_reservation_threshold": 30,
      "_max_delayed_logoff": null,
      "_post_usage_questions": "",
      "_policy_off_between_times": false,
      "_policy_off_start_time": null,
      "_policy_off_end_time": null,
      "_policy_off_weekend": false,
      "_backup_owners": [
        [
          "ned"
        ],
        [
          "professor"
        ]
      ],
      "_superusers": []
    }
  },
  {
    "model": "NEMO.tool",
    "fields": {
      "name": "Flip Chip Bonder",
      "parent_tool": null,
      "visible": true,
      "_description": "",
      "_serial": "",
      "_image": "",
      "_tool_calendar_color": "#33ad33",
      "_category": "Packaging",
      "_operational": false,
      "_primary_owner": [
        "captain"
      ],
      "_location": "216/F108",
      "_phone_number": "x6090",
      "_notification_email_address": "nanofab_postprocess@nist.gov",
      "_interlock": null,
      "_requires_area_access": null,
      "_grant_physical_access_level_upon_qualification": null,
      "_grant_badge_reader_access_upon_qualification": null,
      "_reservation_horizon": 14,
      "_minimum_usage_block_time": 60,
      "_maximum_usage_block_time": 360,
      "_maximum_reservations_per_day": null,
      "_minimum_time_between_reservations": null,
      "_maximum_future_reservation_time": null,
      "_missed_reservation_threshold": 30,
      "_max_delayed_logoff": null,
      "_post_usage_questions": "",
      "_policy_off_between_times": false,
      "_policy_off_start_time": null,
      "_policy_off_end_time": null,
      "_policy_off_weekend": false,
      "_backup_owners": [
        [
          "ned"
        ],
        [
          "professor"
        ]
      ],
      "_superusers": []
    }
  },
  {
    "model": "NEMO.tool",
    "fields": {
      "name": "Bruker AFM",
      "parent_tool": null,
      "visible": true,
      "_description": "",
      "_serial": "",
      "_image": "",
      "_tool_calendar_color": "#33ad33",
      "_category": "Imaging and Analysis",
      "_operational": true,
      "_primary_owner": [
        "captain"
      ],
      "_location": "215/B103",
      "_phone_number": "x2528",
      "_notification_email_address": "service@nautilus.com",
      "_interlock": null,
      "_requires_area_access": null,
      "_grant_physical_access_level_upon_qualification": 2,
      "_grant_badge_reader_access_upon_qualification": null,
      "_reservation_horizon": 14,
      "_minimum_usage_block_time": 30,
      "_maximum_usage_block_time": 120,
      "_maximum_reservations_per_day": null,
      "_minimum_time_between_reservations": null,
      "_maximum_future_reservation_time": null,
      "_missed_reservation_threshold": 30,
      "_max_delayed_logoff": null,
      "_post_usage_questions": "",
      "_policy_off_between_times": false,
      "_policy_off_start_time": null,
      "_policy_off_end_time": null,
      "_policy_off_weekend": false,
      "_backup_owners": [
        [
          "ned"
        ],
        [
          "professor"
        ]
      ],
      "_superusers": []
    }
  },
  {
    "model": "NEMO.tool",
    "fields": {
      "name": "B101 Spin Rinse Dryer",
      "parent_tool": null,
      "visible": true,
      "_description": "",
      "_serial": "",
      "_image": "",
      "_tool_calendar_color": "#33ad33",
      "_category": "Wet Chemistry",
      "_operational": true,
      "_primary_owner": [
        "captain"
      ],
      "_location": "215/B101",
      "_phone_number": "x3342",
      "_notification_email_address": "service@nautilus.com",
      "_interlock": null,
      "_requires_area_access": null,
      "_grant_physical_access_level_upon_qualification": 2,
      "_grant_badge_reader_access_upon_qualification": null,
      "_reservation_horizon": 14,
      "_minimum_usage_block_time": 30,
      "_maximum_usage_block_time": 240,
      "_maximum_reservations_per_day": null,
      "_minimum_time_between_reservations": null,
      "_maximum_future_reservation_time": null,
      "_missed_reservation_threshold": null,
      "_max_delayed_logoff": null,
      "_post_usage_questions": "",
      "_policy_off_between_times": false,
      "_policy_off_start_time": null,
      "_policy_off_end_time": null,
      "_policy_off_weekend": false,
      "_backup_owners": [
        [
          "ned"
        ],
        [
          "professor"
        ]
      ],
      "_superusers": []
    }
  },
  {
    "model": "NEMO.tool",
    "fields": {
      "name": "SPTS HF Vapor Etcher",
      "parent_tool": null,
      "visible": true,
      "_description": "",
      "_serial": "",
      "_image": "",
      "_tool_calendar_color": "#33ad33",
      "_category": "Wet Chemistry",
      "_operational": true,
      "_primary_owner": [
        "captain"
      ],
      "_location": "215/B102",
      "_phone_number": "x6088",
      "_notification_email_address": "service@nautilus.com",
      "_interlock": null,
      "_requires_area_access": null,
      "_grant_physical_access_level_upon_qualification": 2,
      "_grant_badge_reader_access_upon_qualification": null,
      "_reservation_horizon": 14,
      "_minimum_usage_block_time": 30,
      "_maximum_usage_block_time": 240,
      "_maximum_reservations_per_day": null,
      "_minimum_time_between_reservations": null,
      "_maximum_future_reservation_time": null,
      "_missed_reservation_threshold": 30,
      "_max_delayed_logoff": null,
      "_post_usage_questions": "",
      "_policy_off_between_times": false,
      "_policy_off_start_time": null,
      "_policy_off_end_time": null,
      "_policy_off_weekend": false,
      "_backup_owners": [
        [
          "ned"
        ],
        [
          "professor"
        ]
      ],
      "_superusers": []
    }
  },
  {
    "model": "NEMO.tool",
    "fields": {
      "name": "Wyatt DLS",
      "parent_tool": null,
      "visible": true,
      "_description": "",
      "_serial": "",
      "_image": "",
      "_tool_calendar_color": "#33ad33",
      "_category": "Metrology",
      "_operational": true,
      "_primary_owner": [
        "captain"
      ],
      "_location": "216/G101",
      "_phone_number": "x8633",
      "_notification_email_address": "nanofab_microscopy@nist.gov",
      "_interlock": null,
      "_requires_area_access": null,
      "_grant_physical_access_level_upon_qualification": null,
      "_grant_badge_reader_access_upon_qualification": null,
      "_reservation_horizon": 14,
      "_minimum_usage_block_time": 60,
      "_maximum_usage_block_time": 480,
      "_maximum_reservations_per_day": null,
      "_minimum_time_between_reservations": null,
      "_maximum_future_reservation_time": null,
      "_missed_reservation_threshold": 30,
      "_max_delayed_logoff": null,
      "_post_usage_questions": "",
      "_policy_off_between_times": false,
      "_policy_off_start_time": null,
      "_policy_off_end_time": null,
      "_policy_off_weekend": false,
      "_backup_owners": [
        [
          "ned"
        ],
        [
          "professor"
        ]
      ],
      "_superusers": []
    }
  },
  {
    "model": "NEMO.tool",
    "fields": {
      "name": "NanoMill",
      "parent_tool": null,
      "visible": true,
      "_description": "",
      "_serial": "",
      "_image": "",
      "_tool_calendar_color": "#33ad33",
      "_category": "Imaging and Analysis",
      "_operational": true,
      "_primary_owner": [
        "captain"
      ],
      "_location": "216/F110",
      "_phone_number": "x72554",
      "_notification_email_address": "nanofab_microscopy@nist.gov",
      "_interlock": null,
      "_requires_area_access": null,
      "_grant_physical_access_level_upon_qualification": null,
      "_grant_badge_reader_access_upon_qualification": null,
      "_reservation_horizon": 14,
      "_minimum_usage_block_time": 60,
      "_maximum_usage_block_time": 240,
      "_maximum_reservations_per_day": null,
      "_minimum_time_between_reservations": null,
      "_maximum_future_reservation_time": null,
      "_missed_reservation_threshold": 30,
      "_max_delayed_logoff": null,
      "_post_usage_questions": "",
      "_policy_off_between_times": false,
      "_policy_off_start_time": null,
      "_policy_off_end_time": null,
      "_policy_off_weekend": false,
      "_backup_owners": [
        [
          "ned"
        ],
        [
          "professor"
        ]
      ],
      "_superusers": []
    }
  },
  {
    "model": "NEMO.tool",
    "fields": {
      "name": "SPTS Deep Si Etch",
      "parent_tool": null,
      "visible": true,
      "_description": "",
      "_serial": "",
      "_image": "",
      "_tool_calendar_color": "#33ad33",
      "_category": "Dry Etch",
      "_operational": true,
      "_primary_owner": [
        "captain"
      ],
      "_location": "215/B105",
      "_phone_number": "x3583",
      "_notification_email_address": "service@nautilus.com",
      "_interlock": null,
      "_requires_area_access": null,
      "_grant_physical_access_level_upon_qualification": 2,
      "_grant_badge_reader_access_upon_qualification": null,
      "_reservation_horizon": 14,
      "_minimum_usage_block_time": 30,
      "_maximum_usage_block_time": 480,
      "_maximum_reservations_per_day": null,
      "_minimum_time_between_reservations": null,
      "_maximum_future_reservation_time": null,
      "_missed_reservation_threshold": 30,
      "_max_delayed_logoff": 120,
      "_post_usage_questions": "",
      "_policy_off_between_times": false,
      "_policy_off_start_time": null,
      "_policy_off_end_time": null,
      "_policy_off_weekend": false,
      "_backup_owners": [
        [
          "ned"
        ],
        [
          "professor"
        ]
      ],
      "_superusers": []
    }
  },
  {
    "model": "NEMO.tool",
    "fields": {
      "name": "JEOL E-beam Cleanroom",
      "parent_tool": null,
      "visible": true,
      "_description": "",
      "_serial": "",
      "_image": "",
      "_tool_calendar_color": "#33ad33",
      "_category": "Lithography",
      "_operational": true,
      "_primary_owner": [
        "captain"
      ],
      "_location": "215/A101",
      "_phone_number": "x8767",
      "_notification_email_address": "service@nautilus.com",
      "_interlock": null,
      "_requires_area_access": 1,
      "_grant_physical_access_level_upon_qualification": 2,
      "_grant_badge_reader_access_upon_qualification": null,
      "_reservation_horizon": 14,
      "_minimum_usage_block_time": 30,
      "_maximum_usage_block_time": 240,
      "_maximum_reservations_per_day": 1,
      "_minimum_time_between_reservations": 240,
      "_maximum_future_reservation_time": 720,
      "_missed_reservation_threshold": 30,
      "_max_delayed_logoff": null,
      "_post_usage_questions": "",
      "_policy_off_between_times": true,
      "_policy_off_start_time": "18:00:00",
      "_policy_off_end_time": "07:00:00",
      "_policy_off_weekend": true,
      "_backup_owners": [
        [
          "ned"
        ],
        [
          "professor"
        ]
      ],
      "_superusers": []
    }
  },
  {
    "model": "NEMO.tool",
    "fields": {
      "name": "Filmetrics F40-UV",
      "parent_tool": null,
      "visible": true,
      "_description": "",
      "_serial": "",
      "_image": "",
      "_tool_calendar_color": "#33ad33",
      "_category": "Metrology",
      "_operational": true,
      "_primary_owner": [
        "captain"
      ],
      "_location": "215/B107",
      "_phone_number": "x3728",
      "_notification_email_address": "service@nautilus.com",
      "_interlock": null,
      "_requires_area_access": null,
      "_grant_physical_access_level_upon_qualification": 2,
      "_grant_badge_reader_access_upon_qualification": null,
      "_reservation_horizon": 14,
      "_minimum_usage_block_time": null,
      "_maximum_usage_block_time": null,
      "_maximum_reservations_per_day": null,
      "_minimum_time_between_reservations": null,
      "_maximum_future_reservation_time": null,
      "_missed_reservation_threshold": null,
      "_max_delayed_logoff": null,
      "_post_usage_questions": "",
      "_policy_off_between_times": false,
      "_policy_off_start_time": null,
      "_policy_off_end_time": null,
      "_policy_off_weekend": false,
      "_backup_owners": [
        [
          "ned"
        ],
        [
          "professor"
        ]
      ],
      "_superusers": []
    }
  },
  {
    "model": "NEMO.tool",
    "fields": {
      "name": "NanoSpec",
      "parent_tool": null,
      "visible": true,
      "_description": "",
      "_serial": "",
      "_image": "",
      "_tool_calendar_color": "#33ad33",
      "_category": "Metrology",
      "_operational": true,
      "_primary_owner": [
        "captain"
      ],
      "_location": "215/B107",
      "_phone_number": "x3728",
      "_notification_email_address": "service@nautilus.com",
      "_interlock": null,
      "_requires_area_access": null,
      "_grant_physical_access_level_upon_qualification": 2,
      "_grant_badge_reader_access_upon_qualification": null,
      "_reservation_horizon": 14,
      "_minimum_usage_block_time": null,
      "_maximum_usage_block_time": null,
      "_maximum_reservations_per_day": null,
      "_minimum_time_between_reservations": null,
      "_maximum_future_reservation_time": null,
      "_missed_reservation_threshold": 30,
      "_max_delayed_logoff": null,
      "_post_usage_questions": "",
      "_policy_off_between_times": false,
      "_policy_off_start_time": null,
      "_policy_off_end_time": null,
      "_policy_off_weekend": false,
      "_backup_owners": [
        [
          "ned"
        ],
        [
          "professor"
        ]
      ],
      "_superusers": []
    }
  },
  {
    "model": "NEMO.tool",
    "fields": {
      "name": "Jandel 4pt Probe",
      "parent_tool": null,
      "visible": true,
      "_description": "",
      "_serial": "",
      "_image": "",
      "_tool_calendar_color": "#33ad33",
      "_category": "Metrology",
      "_operational": true,
      "_primary_owner": [
        "captain"
      ],
      "_location": "215/B103",
      "_phone_number": "x2528",
      "_notification_email_address": "service@nautilus.com",
      "_interlock": null,
      "_requires_area_access": null,
      "_grant_physical_access_level_upon_qualification": 2,
      "_grant_badge_reader_access_upon_qualification": null,
      "_reservation_horizon": 14,
      "_minimum_usage_block_time": null,
      "_maximum_usage_block_time": null,
      "_maximum_reservations_per_day": null,
      "_minimum_time_between_reservations": null,
      "_maximum_future_reservation_time": null,
      "_missed_reservation_threshold": null,
      "_max_delayed_logoff": null,
      "_post_usage_questions": "",
      "_policy_off_between_times": false,
      "_policy_off_start_time": null,
      "_policy_off_end_time": null,
      "_policy_off_weekend": false,
      "_backup_owners": [
        [
          "ned"
        ],
        [
          "professor"
        ]
      ],
      "_superusers": []
    }
  },
  {
    "model": "NEMO.tool",
    "fields": {
      "name": "4Wave Cluster Sputter",
      "parent_tool": null,
      "visible": true,
      "_description": "",
      "_serial": "",
      "_image": "",
      "_tool_calendar_color": "#33ad33",
      "_category": "Physical Vapor Deposition",
      "_operational": true,
      "_primary_owner": [
        "captain"
      ],
      "_location": "215/A104",
      "_phone_number": "x2391",
      "_notification_email_address": "service@nautilus.com",
      "_interlock": null,
      "_requires_area_access": null,
      "_grant_physical_access_level_upon_qualification": 2,
      "_grant_badge_reader_access_upon_qualification": null,
      "_reservation_horizon": 14,
      "_minimum_usage_block_time": null,
      "_maximum_usage_block_time": null,
      "_maximum_reservations_per_day": null,
      "_minimum_time_between_reservations": null,
      "_maximum_future_reservation_time": null,
      "_missed_reservation_threshold": 30,
      "_max_delayed_logoff": null,
      "_post_usage_questions": "[\n   {\n      \"type\":\"group\",\n      \"name\":\"group1\",\n      \"title\":\"Add up to 3 processes:\",\n      \"max_number\":3,\n      \"group_add_button_name\": \"Add another process\",\n      \"questions\":[\n         {\n            \"type\":\"number\",\n            \"precision\": 5,\n            \"title\":\"How much gold was deposited?\",\n            \"max-width\":250,\n            \"suffix\":\"nl\",\n            \"required\":true,\n            \"placeholder\":\"0\",\n            \"name\":\"gold_used\",\n            \"consumable\": \"Sputter gold\"\n         },\n         {\n            \"type\": \"textarea\",\n            \"title\": \"Comments\",\n            \"name\": \"comments\",\n            \"required\": false,\n            \"max-width\":250,\n            \"rows\": 5\n         }\n      ]\n   }\n]",
      "_pre_usage_questions": "[\r\n         {\r\n            \"type\":\"number\",\r\n            \"precision\": 5,\r\n            \"title\":\"How much gold do you plan on depositing?\",\r\n            \"max-width\":250,\r\n            \"suffix\":\"nl\",\r\n            \"required\":true,\r\n            \"placeholder\":\"0\",\r\n            \"name\":\"planned_gold_usage\"\r\n          },\r\n         {\r\n            \"type\": \"textarea\",\r\n            \"title\": \"Comments\",\r\n            \"name\": \"comments\",\r\n            \"required\": false,\r\n            \"max-width\":250,\r\n            \"rows\": 5\r\n         }\r\n]",
      "_policy_off_start_time": null,
      "_policy_off_end_time": null,
      "_policy_off_weekend": false,
      "_backup_owners": [
        [
          "ned"
        ],
        [
          "professor"
        ]
      ],
      "_superusers": []
    }
  },
  {
    "model": "NEMO.tool",
    "fields": {
      "name": "Suss Resist Coater",
      "parent_tool": null,
      "visible": true,
      "_description": "",
      "_serial": "",
      "_image": "",
      "_tool_calendar_color": "#33ad33",
      "_category": "Lithography",
      "_operational": true,
      "_primary_owner": [
        "captain"
      ],
      "_location": "215/A105",
      "_phone_number": "x3224",
      "_notification_email_address": "service@nautilus.com",
      "_interlock": null,
      "_requires_area_access": null,
      "_grant_physical_access_level_upon_qualification": 2,
      "_grant_badge_reader_access_upon_qualification": null,
      "_reservation_horizon": 14,
      "_minimum_usage_block_time": null,
      "_maximum_usage_block_time": null,
      "_maximum_reservations_per_day": null,
      "_minimum_time_between_reservations": null,
      "_maximum_future_reservation_time": null,
      "_missed_reservation_threshold": 30,
      "_max_delayed_logoff": null,
      "_post_usage_questions": "",
      "_policy_off_between_times": false,
      "_policy_off_start_time": null,
      "_policy_off_end_time": null,
      "_policy_off_weekend": false,
      "_backup_owners": [
        [
          "ned"
        ],
        [
          "professor"
        ]
      ],
      "_superusers": []
    }
  },
  {
    "model": "NEMO.tool",
    "fields": {
      "name": "Suss Resist Developer",
      "parent_tool": null,
      "visible": true,
      "_description": "",
      "_serial": "",
      "_image": "",
      "_tool_calendar_color": "#33ad33",
      "_category": "Lithography",
      "_operational": true,
      "_primary_owner": [
        "captain"
      ],
      "_location": "215/A105",
      "_phone_number": "x3224",
      "_notification_email_address": "service@nautilus.com",
      "_interlock": null,
      "_requires_area_access": null,
      "_grant_physical_access_level_upon_qualification": 2,
      "_grant_badge_reader_access_upon_qualification": null,
      "_reservation_horizon": 14,
      "_minimum_usage_block_time": null,
      "_maximum_usage_block_time": null,
      "_maximum_reservations_per_day": null,
      "_minimum_time_between_reservations": null,
      "_maximum_future_reservation_time": null,
      "_missed_reservation_threshold": 30,
      "_max_delayed_logoff": null,
      "_post_usage_questions": "",
      "_policy_off_between_times": false,
      "_policy_off_start_time": null,
      "_policy_off_end_time": null,
      "_policy_off_weekend": false,
      "_backup_owners": [
        [
          "ned"
        ],
        [
          "professor"
        ]
      ],
      "_superusers": []
    }
  },
  {
    "model": "NEMO.tool",
    "fields": {
      "name": "Downstream Asher",
      "parent_tool": null,
      "visible": true,
      "_description": "",
      "_serial": "",
      "_image": "",
      "_tool_calendar_color": "#33ad33",
      "_category": "Dry Etch",
      "_operational": false,
      "_primary_owner": [
        "captain"
      ],
      "_location": "215/B105",
      "_phone_number": "x3583",
      "_notification_email_address": "service@nautilus.com",
      "_interlock": null,
      "_requires_area_access": null,
      "_grant_physical_access_level_upon_qualification": 2,
      "_grant_badge_reader_access_upon_qualification": null,
      "_reservation_horizon": 14,
      "_minimum_usage_block_time": null,
      "_maximum_usage_block_time": null,
      "_maximum_reservations_per_day": null,
      "_minimum_time_between_reservations": null,
      "_maximum_future_reservation_time": null,
      "_missed_reservation_threshold": 30,
      "_max_delayed_logoff": null,
      "_post_usage_questions": "",
      "_policy_off_between_times": false,
      "_policy_off_start_time": null,
      "_policy_off_end_time": null,
      "_policy_off_weekend": false,
      "_backup_owners": [
        [
          "ned"
        ],
        [
          "professor"
        ]
      ],
      "_superusers": []
    }
  },
  {
    "model": "NEMO.tool",
    "fields": {
      "name": "Four Dimensions 4pt Probe",
      "parent_tool": null,
      "visible": true,
      "_description": "",
      "_serial": "",
      "_image": "",
      "_tool_calendar_color": "#33ad33",
      "_category": "Metrology",
      "_operational": true,
      "_primary_owner": [
        "captain"
      ],
      "_location": "215/A106",
      "_phone_number": "x3557",
      "_notification_email_address": "service@nautilus.com",
      "_interlock": null,
      "_requires_area_access": null,
      "_grant_physical_access_level_upon_qualification": 2,
      "_grant_badge_reader_access_upon_qualification": null,
      "_reservation_horizon": 14,
      "_minimum_usage_block_time": null,
      "_maximum_usage_block_time": null,
      "_maximum_reservations_per_day": null,
      "_minimum_time_between_reservations": null,
      "_maximum_future_reservation_time": null,
      "_missed_reservation_threshold": null,
      "_max_delayed_logoff": null,
      "_post_usage_questions": "",
      "_policy_off_between_times": false,
      "_policy_off_start_time": null,
      "_policy_off_end_time": null,
      "_policy_off_weekend": false,
      "_backup_owners": [
        [
          "ned"
        ],
        [
          "professor"
        ]
      ],
      "_superusers": []
    }
  },
  {
    "model": "NEMO.tool",
    "fields": {
      "name": "Dektak XT 2",
      "parent_tool": null,
      "visible": true,
      "_description": "",
      "_serial": "",
      "_image": "",
      "_tool_calendar_color": "#33ad33",
      "_category": "Metrology",
      "_operational": true,
      "_primary_owner": [
        "captain"
      ],
      "_location": "215/B107",
      "_phone_number": "x3728",
      "_notification_email_address": "service@nautilus.com",
      "_interlock": null,
      "_requires_area_access": null,
      "_grant_physical_access_level_upon_qualification": 2,
      "_grant_badge_reader_access_upon_qualification": null,
      "_reservation_horizon": 14,
      "_minimum_usage_block_time": 30,
      "_maximum_usage_block_time": 240,
      "_maximum_reservations_per_day": null,
      "_minimum_time_between_reservations": null,
      "_maximum_future_reservation_time": null,
      "_missed_reservation_threshold": null,
      "_max_delayed_logoff": null,
      "_post_usage_questions": "",
      "_policy_off_between_times": false,
      "_policy_off_start_time": null,
      "_policy_off_end_time": null,
      "_policy_off_weekend": false,
      "_backup_owners": [
        [
          "ned"
        ],
        [
          "professor"
        ]
      ],
      "_superusers": []
    }
  },
  {
    "model": "NEMO.tool",
    "fields": {
      "name": "Leica EM GP",
      "parent_tool": null,
      "visible": true,
      "_description": "",
      "_serial": "",
      "_image": "",
      "_tool_calendar_color": "#33ad33",
      "_category": "Imaging and Analysis",
      "_operational": true,
      "_primary_owner": [
        "captain"
      ],
      "_location": "216/F110",
      "_phone_number": "x72554",
      "_notification_email_address": "nanofab_microscopy@nist.gov",
      "_interlock": null,
      "_requires_area_access": null,
      "_grant_physical_access_level_upon_qualification": null,
      "_grant_badge_reader_access_upon_qualification": null,
      "_reservation_horizon": 14,
      "_minimum_usage_block_time": null,
      "_maximum_usage_block_time": null,
      "_maximum_reservations_per_day": null,
      "_minimum_time_between_reservations": null,
      "_maximum_future_reservation_time": null,
      "_missed_reservation_threshold": null,
      "_max_delayed_logoff": null,
      "_post_usage_questions": "",
      "_policy_off_between_times": false,
      "_policy_off_start_time": null,
      "_policy_off_end_time": null,
      "_policy_off_weekend": false,
      "_backup_owners": [
        [
          "ned"
        ],
        [
          "professor"
        ]
      ],
      "_superusers": []
    }
  },
  {
    "model": "NEMO.tool",
    "fields": {
      "name": "PDMS Spin Coater",
      "parent_tool": null,
      "visible": true,
      "_description": "",
      "_serial": "",
      "_image": "",
      "_tool_calendar_color": "#33ad33",
      "_category": "Soft Lithography",
      "_operational": true,
      "_primary_owner": [
        "captain"
      ],
      "_location": "216/F102",
      "_phone_number": "x4033",
      "_notification_email_address": "service@nautilus.com",
      "_interlock": null,
      "_requires_area_access": 2,
      "_grant_physical_access_level_upon_qualification": 2,
      "_grant_badge_reader_access_upon_qualification": null,
      "_reservation_horizon": 14,
      "_minimum_usage_block_time": null,
      "_maximum_usage_block_time": null,
      "_maximum_reservations_per_day": null,
      "_minimum_time_between_reservations": null,
      "_maximum_future_reservation_time": null,
      "_missed_reservation_threshold": 30,
      "_max_delayed_logoff": null,
      "_post_usage_questions": "",
      "_policy_off_between_times": false,
      "_policy_off_start_time": null,
      "_policy_off_end_time": null,
      "_policy_off_weekend": false,
      "_backup_owners": [
        [
          "ned"
        ],
        [
          "professor"
        ]
      ],
      "_superusers": []
    }
  },
  {
    "model": "NEMO.tool",
    "fields": {
      "name": "PDMS Mixer",
      "parent_tool": null,
      "visible": true,
      "_description": "",
      "_serial": "",
      "_image": "",
      "_tool_calendar_color": "#33ad33",
      "_category": "Soft Lithography",
      "_operational": true,
      "_primary_owner": [
        "captain"
      ],
      "_location": "216/F102",
      "_phone_number": "x4033",
      "_notification_email_address": "service@nautilus.com",
      "_interlock": null,
      "_requires_area_access": 2,
      "_grant_physical_access_level_upon_qualification": 2,
      "_grant_badge_reader_access_upon_qualification": null,
      "_reservation_horizon": 14,
      "_minimum_usage_block_time": null,
      "_maximum_usage_block_time": null,
      "_maximum_reservations_per_day": null,
      "_minimum_time_between_reservations": null,
      "_maximum_future_reservation_time": null,
      "_missed_reservation_threshold": null,
      "_max_delayed_logoff": null,
      "_post_usage_questions": "",
      "_policy_off_between_times": false,
      "_policy_off_start_time": null,
      "_policy_off_end_time": null,
      "_policy_off_weekend": false,
      "_backup_owners": [
        [
          "ned"
        ],
        [
          "professor"
        ]
      ],
      "_superusers": []
    }
  },
  {
    "model": "NEMO.tool",
    "fields": {
      "name": "PDMS Plasma Bonder",
      "parent_tool": null,
      "visible": true,
      "_description": "",
      "_serial": "",
      "_image": "",
      "_tool_calendar_color": "#33ad33",
      "_category": "Soft Lithography",
      "_operational": true,
      "_primary_owner": [
        "captain"
      ],
      "_location": "216/F102",
      "_phone_number": "x4033",
      "_notification_email_address": "service@nautilus.com",
      "_interlock": null,
      "_requires_area_access": 2,
      "_grant_physical_access_level_upon_qualification": 2,
      "_grant_badge_reader_access_upon_qualification": null,
      "_reservation_horizon": 14,
      "_minimum_usage_block_time": null,
      "_maximum_usage_block_time": null,
      "_maximum_reservations_per_day": null,
      "_minimum_time_between_reservations": null,
      "_maximum_future_reservation_time": null,
      "_missed_reservation_threshold": null,
      "_max_delayed_logoff": null,
      "_post_usage_questions": "",
      "_policy_off_between_times": false,
      "_policy_off_start_time": null,
      "_policy_off_end_time": null,
      "_policy_off_weekend": false,
      "_backup_owners": [
        [
          "ned"
        ],
        [
          "professor"
        ]
      ],
      "_superusers": []
    }
  },
  {
    "model": "NEMO.tool",
    "fields": {
      "name": "PDMS Curing Oven 1",
      "parent_tool": null,
      "visible": true,
      "_description": "",
      "_serial": "",
      "_image": "",
      "_tool_calendar_color": "#33ad33",
      "_category": "Soft Lithography",
      "_operational": true,
      "_primary_owner": [
        "captain"
      ],
      "_location": "216/F102",
      "_phone_number": "x4033",
      "_notification_email_address": "service@nautilus.com",
      "_interlock": null,
      "_requires_area_access": 2,
      "_grant_physical_access_level_upon_qualification": 2,
      "_grant_badge_reader_access_upon_qualification": null,
      "_reservation_horizon": 14,
      "_minimum_usage_block_time": null,
      "_maximum_usage_block_time": null,
      "_maximum_reservations_per_day": null,
      "_minimum_time_between_reservations": null,
      "_maximum_future_reservation_time": null,
      "_missed_reservation_threshold": 30,
      "_max_delayed_logoff": null,
      "_post_usage_questions": "",
      "_policy_off_between_times": false,
      "_policy_off_start_time": null,
      "_policy_off_end_time": null,
      "_policy_off_weekend": false,
      "_backup_owners": [
        [
          "ned"
        ],
        [
          "professor"
        ]
      ],
      "_superusers": []
    }
  },
  {
    "model": "NEMO.tool",
    "fields": {
      "name": "PDMS Puncher",
      "parent_tool": null,
      "visible": true,
      "_description": "",
      "_serial": "",
      "_image": "",
      "_tool_calendar_color": "#33ad33",
      "_category": "Soft Lithography",
      "_operational": true,
      "_primary_owner": [
        "captain"
      ],
      "_location": "216/F102",
      "_phone_number": "x4033",
      "_notification_email_address": "service@nautilus.com",
      "_interlock": null,
      "_requires_area_access": 2,
      "_grant_physical_access_level_upon_qualification": 2,
      "_grant_badge_reader_access_upon_qualification": null,
      "_reservation_horizon": 14,
      "_minimum_usage_block_time": null,
      "_maximum_usage_block_time": null,
      "_maximum_reservations_per_day": null,
      "_minimum_time_between_reservations": null,
      "_maximum_future_reservation_time": null,
      "_missed_reservation_threshold": 30,
      "_max_delayed_logoff": null,
      "_post_usage_questions": "",
      "_policy_off_between_times": false,
      "_policy_off_start_time": null,
      "_policy_off_end_time": null,
      "_policy_off_weekend": false,
      "_backup_owners": [
        [
          "ned"
        ],
        [
          "professor"
        ]
      ],
      "_superusers": []
    }
  },
  {
    "model": "NEMO.tool",
    "fields": {
      "name": "Microfluidic Test Station",
      "parent_tool": null,
      "visible": true,
      "_description": "",
      "_serial": "",
      "_image": "",
      "_tool_calendar_color": "#33ad33",
      "_category": "Soft Lithography",
      "_operational": true,
      "_primary_owner": [
        "captain"
      ],
      "_location": "216/F102",
      "_phone_number": "x4033",
      "_notification_email_address": "service@nautilus.com",
      "_interlock": null,
      "_requires_area_access": 2,
      "_grant_physical_access_level_upon_qualification": 2,
      "_grant_badge_reader_access_upon_qualification": null,
      "_reservation_horizon": 14,
      "_minimum_usage_block_time": null,
      "_maximum_usage_block_time": null,
      "_maximum_reservations_per_day": null,
      "_minimum_time_between_reservations": null,
      "_maximum_future_reservation_time": null,
      "_missed_reservation_threshold": 30,
      "_max_delayed_logoff": null,
      "_post_usage_questions": "",
      "_policy_off_between_times": false,
      "_policy_off_start_time": null,
      "_policy_off_end_time": null,
      "_policy_off_weekend": false,
      "_backup_owners": [
        [
          "ned"
        ],
        [
          "professor"
        ]
      ],
      "_superusers": []
    }
  },
  {
    "model": "NEMO.tool",
    "fields": {
      "name": "Silanization Oven",
      "parent_tool": null,
      "visible": true,
      "_description": "",
      "_serial": "",
      "_image": "",
      "_tool_calendar_color": "#33ad33",
      "_category": "Soft Lithography",
      "_operational": true,
      "_primary_owner": [
        "captain"
      ],
      "_location": "216/F102",
      "_phone_number": "x4033",
      "_notification_email_address": "service@nautilus.com",
      "_interlock": null,
      "_requires_area_access": 2,
      "_grant_physical_access_level_upon_qualification": 2,
      "_grant_badge_reader_access_upon_qualification": null,
      "_reservation_horizon": 14,
      "_minimum_usage_block_time": null,
      "_maximum_usage_block_time": null,
      "_maximum_reservations_per_day": null,
      "_minimum_time_between_reservations": null,
      "_maximum_future_reservation_time": null,
      "_missed_reservation_threshold": 30,
      "_max_delayed_logoff": null,
      "_post_usage_questions": "",
      "_policy_off_between_times": false,
      "_policy_off_start_time": null,
      "_policy_off_end_time": null,
      "_policy_off_weekend": false,
      "_backup_owners": [
        [
          "ned"
        ],
        [
          "professor"
        ]
      ],
      "_superusers": []
    }
  },
  {
    "model": "NEMO.tool",
    "fields": {
      "name": "PDMS Curing Oven 2",
      "parent_tool": null,
      "visible": true,
      "_description": "",
      "_serial": "",
      "_image": "",
      "_tool_calendar_color": "#33ad33",
      "_category": "Soft Lithography",
      "_operational": true,
      "_primary_owner": [
        "captain"
      ],
      "_location": "216/F102",
      "_phone_number": "x4033",
      "_notification_email_address": "service@nautilus.com",
      "_interlock": null,
      "_requires_area_access": 2,
      "_grant_physical_access_level_upon_qualification": 2,
      "_grant_badge_reader_access_upon_qualification": null,
      "_reservation_horizon": 14,
      "_minimum_usage_block_time": null,
      "_maximum_usage_block_time": null,
      "_maximum_reservations_per_day": null,
      "_minimum_time_between_reservations": null,
      "_maximum_future_reservation_time": null,
      "_missed_reservation_threshold": 30,
      "_max_delayed_logoff": null,
      "_post_usage_questions": "",
      "_policy_off_between_times": false,
      "_policy_off_start_time": null,
      "_policy_off_end_time": null,
      "_policy_off_weekend": false,
      "_backup_owners": [
        [
          "ned"
        ],
        [
          "professor"
        ]
      ],
      "_superusers": []
    }
  },
  {
    "model": "NEMO.tool",
    "fields": {
      "name": "AnnealSys RTA",
      "parent_tool": null,
      "visible": true,
      "_description": "",
      "_serial": "",
      "_image": "",
      "_tool_calendar_color": "#33ad33",
      "_category": "Furnaces",
      "_operational": true,
      "_primary_owner": [
        "captain"
      ],
      "_location": "215/B106",
      "_phone_number": "x5332",
      "_notification_email_address": "service@nautilus.com",
      "_interlock": null,
      "_requires_area_access": null,
      "_grant_physical_access_level_upon_qualification": 2,
      "_grant_badge_reader_access_upon_qualification": null,
      "_reservation_horizon": 14,
      "_minimum_usage_block_time": null,
      "_maximum_usage_block_time": null,
      "_maximum_reservations_per_day": null,
      "_minimum_time_between_reservations": null,
      "_maximum_future_reservation_time": null,
      "_missed_reservation_threshold": 30,
      "_max_delayed_logoff": null,
      "_post_usage_questions": "",
      "_policy_off_between_times": false,
      "_policy_off_start_time": null,
      "_policy_off_end_time": null,
      "_policy_off_weekend": false,
      "_backup_owners": [
        [
          "ned"
        ],
        [
          "professor"
        ]
      ],
      "_superusers": []
    }
  },
  {
    "model": "NEMO.tool",
    "fields": {
      "name": "SSEC Piranha 1",
      "parent_tool": null,
      "visible": true,
      "_description": "",
      "_serial": "",
      "_image": "",
      "_tool_calendar_color": "#33ad33",
      "_category": "Wet Chemistry",
      "_operational": true,
      "_primary_owner": [
        "captain"
      ],
      "_location": "215/A102",
      "_phone_number": "x2119",
      "_notification_email_address": "service@nautilus.com",
      "_interlock": null,
      "_requires_area_access": null,
      "_grant_physical_access_level_upon_qualification": 2,
      "_grant_badge_reader_access_upon_qualification": null,
      "_reservation_horizon": 14,
      "_minimum_usage_block_time": null,
      "_maximum_usage_block_time": null,
      "_maximum_reservations_per_day": null,
      "_minimum_time_between_reservations": null,
      "_maximum_future_reservation_time": null,
      "_missed_reservation_threshold": 30,
      "_max_delayed_logoff": null,
      "_post_usage_questions": "",
      "_policy_off_between_times": false,
      "_policy_off_start_time": null,
      "_policy_off_end_time": null,
      "_policy_off_weekend": false,
      "_backup_owners": [
        [
          "ned"
        ],
        [
          "professor"
        ]
      ],
      "_superusers": []
    }
  },
  {
    "model": "NEMO.tool",
    "fields": {
      "name": "SSEC Piranha 2",
      "parent_tool": null,
      "visible": true,
      "_description": "",
      "_serial": "",
      "_image": "",
      "_tool_calendar_color": "#33ad33",
      "_category": "Wet Chemistry",
      "_operational": false,
      "_primary_owner": [
        "captain"
      ],
      "_location": "215/A102",
      "_phone_number": "x2119",
      "_notification_email_address": "service@nautilus.com",
      "_interlock": null,
      "_requires_area_access": null,
      "_grant_physical_access_level_upon_qualification": 2,
      "_grant_badge_reader_access_upon_qualification": null,
      "_reservation_horizon": 14,
      "_minimum_usage_block_time": null,
      "_maximum_usage_block_time": null,
      "_maximum_reservations_per_day": null,
      "_minimum_time_between_reservations": null,
      "_maximum_future_reservation_time": null,
      "_missed_reservation_threshold": 30,
      "_max_delayed_logoff": null,
      "_post_usage_questions": "",
      "_policy_off_between_times": false,
      "_policy_off_start_time": null,
      "_policy_off_end_time": null,
      "_policy_off_weekend": false,
      "_backup_owners": [
        [
          "ned"
        ],
        [
          "professor"
        ]
      ],
      "_superusers": []
    }
  },
  {
    "model": "NEMO.tool",
    "fields": {
      "name": "SSEC RCA",
      "parent_tool": null,
      "visible": true,
      "_description": "",
      "_serial": "",
      "_image": "",
      "_tool_calendar_color": "#33ad33",
      "_category": "Wet Chemistry",
      "_operational": true,
      "_primary_owner": [
        "captain"
      ],
      "_location": "215/A102",
      "_phone_number": "x2119",
      "_notification_email_address": "service@nautilus.com",
      "_interlock": null,
      "_requires_area_access": null,
      "_grant_physical_access_level_upon_qualification": 2,
      "_grant_badge_reader_access_upon_qualification": null,
      "_reservation_horizon": 14,
      "_minimum_usage_block_time": null,
      "_maximum_usage_block_time": null,
      "_maximum_reservations_per_day": null,
      "_minimum_time_between_reservations": null,
      "_maximum_future_reservation_time": null,
      "_missed_reservation_threshold": 30,
      "_max_delayed_logoff": null,
      "_post_usage_questions": "",
      "_policy_off_between_times": false,
      "_policy_off_start_time": null,
      "_policy_off_end_time": null,
      "_policy_off_weekend": false,
      "_backup_owners": [
        [
          "ned"
        ],
        [
          "professor"
        ]
      ],
      "_superusers": []
    }
  },
  {
    "model": "NEMO.tool",
    "fields": {
      "name": "Hall Effect Measurement",
      "parent_tool": null,
      "visible": true,
      "_description": "",
      "_serial": "",
      "_image": "",
      "_tool_calendar_color": "#33ad33",
      "_category": "Metrology",
      "_operational": true,
      "_primary_owner": [
        "captain"
      ],
      "_location": "216/F108",
      "_phone_number": "x6090",
      "_notification_email_address": "service@nautilus.com",
      "_interlock": null,
      "_requires_area_access": null,
      "_grant_physical_access_level_upon_qualification": null,
      "_grant_badge_reader_access_upon_qualification": null,
      "_reservation_horizon": 14,
      "_minimum_usage_block_time": null,
      "_maximum_usage_block_time": null,
      "_maximum_reservations_per_day": null,
      "_minimum_time_between_reservations": null,
      "_maximum_future_reservation_time": null,
      "_missed_reservation_threshold": null,
      "_max_delayed_logoff": null,
      "_post_usage_questions": "",
      "_policy_off_between_times": false,
      "_policy_off_start_time": null,
      "_policy_off_end_time": null,
      "_policy_off_weekend": false,
      "_backup_owners": [
        [
          "ned"
        ],
        [
          "professor"
        ]
      ],
      "_superusers": []
    }
  },
  {
    "model": "NEMO.tool",
    "fields": {
      "name": "Nano Enclosure",
      "parent_tool": null,
      "visible": true,
      "_description": "",
      "_serial": "",
      "_image": "",
      "_tool_calendar_color": "#33ad33",
      "_category": "Specialty Tools",
      "_operational": true,
      "_primary_owner": [
        "captain"
      ],
      "_location": "216/G101",
      "_phone_number": "x8633",
      "_notification_email_address": "nanofab_microscopy@nist.gov",
      "_interlock": null,
      "_requires_area_access": null,
      "_grant_physical_access_level_upon_qualification": null,
      "_grant_badge_reader_access_upon_qualification": null,
      "_reservation_horizon": 14,
      "_minimum_usage_block_time": null,
      "_maximum_usage_block_time": null,
      "_maximum_reservations_per_day": null,
      "_minimum_time_between_reservations": null,
      "_maximum_future_reservation_time": null,
      "_missed_reservation_threshold": null,
      "_max_delayed_logoff": null,
      "_post_usage_questions": "",
      "_policy_off_between_times": false,
      "_policy_off_start_time": null,
      "_policy_off_end_time": null,
      "_policy_off_weekend": false,
      "_backup_owners": [
        [
          "ned"
        ],
        [
          "professor"
        ]
      ],
      "_superusers": []
    }
  },
  {
    "model": "NEMO.tool",
    "fields": {
      "name": "DUV Resist Stabilizer",
      "parent_tool": null,
      "visible": true,
      "_description": "",
      "_serial": "",
      "_image": "",
      "_tool_calendar_color": "#33ad33",
      "_category": "Lithography",
      "_operational": true,
      "_primary_owner": [
        "captain"
      ],
      "_location": "215/A105",
      "_phone_number": "x3224",
      "_notification_email_address": "service@nautilus.com",
      "_interlock": null,
      "_requires_area_access": null,
      "_grant_physical_access_level_upon_qualification": 2,
      "_grant_badge_reader_access_upon_qualification": null,
      "_reservation_horizon": 14,
      "_minimum_usage_block_time": null,
      "_maximum_usage_block_time": null,
      "_maximum_reservations_per_day": null,
      "_minimum_time_between_reservations": null,
      "_maximum_future_reservation_time": null,
      "_missed_reservation_threshold": null,
      "_max_delayed_logoff": null,
      "_post_usage_questions": "",
      "_policy_off_between_times": false,
      "_policy_off_start_time": null,
      "_policy_off_end_time": null,
      "_policy_off_weekend": false,
      "_backup_owners": [
        [
          "ned"
        ],
        [
          "professor"
        ]
      ],
      "_superusers": []
    }
  },
  {
    "model": "NEMO.tool",
    "fields": {
      "name": "MLA 150",
      "parent_tool": null,
      "visible": true,
      "_description": "",
      "_serial": "",
      "_image": "",
      "_tool_calendar_color": "#33ad33",
      "_category": "Lithography",
      "_operational": true,
      "_primary_owner": [
        "captain"
      ],
      "_location": "215/A105",
      "_phone_number": "x3224",
      "_notification_email_address": "service@nautilus.com",
      "_interlock": null,
      "_requires_area_access": null,
      "_grant_physical_access_level_upon_qualification": 2,
      "_grant_badge_reader_access_upon_qualification": null,
      "_reservation_horizon": 14,
      "_minimum_usage_block_time": null,
      "_maximum_usage_block_time": 120,
      "_maximum_reservations_per_day": null,
      "_minimum_time_between_reservations": 240,
      "_maximum_future_reservation_time": 480,
      "_missed_reservation_threshold": 30,
      "_max_delayed_logoff": null,
      "_post_usage_questions": "",
      "_policy_off_between_times": true,
      "_policy_off_start_time": "19:00:00",
      "_policy_off_end_time": "07:00:00",
      "_policy_off_weekend": true,
      "_backup_owners": [
        [
          "ned"
        ],
        [
          "professor"
        ]
      ],
      "_superusers": []
    }
  },
  {
    "model": "NEMO.tool",
    "fields": {
      "name": "Nitrogen Oven",
      "parent_tool": null,
      "visible": true,
      "_description": "",
      "_serial": "",
      "_image": "",
      "_tool_calendar_color": "#33ad33",
      "_category": "Lithography",
      "_operational": true,
      "_primary_owner": [
        "captain"
      ],
      "_location": "215/A103",
      "_phone_number": "x2119",
      "_notification_email_address": "service@nautilus.com",
      "_interlock": null,
      "_requires_area_access": null,
      "_grant_physical_access_level_upon_qualification": 2,
      "_grant_badge_reader_access_upon_qualification": null,
      "_reservation_horizon": 14,
      "_minimum_usage_block_time": null,
      "_maximum_usage_block_time": null,
      "_maximum_reservations_per_day": null,
      "_minimum_time_between_reservations": null,
      "_maximum_future_reservation_time": null,
      "_missed_reservation_threshold": null,
      "_max_delayed_logoff": null,
      "_post_usage_questions": "",
      "_policy_off_between_times": false,
      "_policy_off_start_time": null,
      "_policy_off_end_time": null,
      "_policy_off_weekend": false,
      "_backup_owners": [
        [
          "ned"
        ],
        [
          "professor"
        ]
      ],
      "_superusers": []
    }
  },
  {
    "model": "NEMO.tool",
    "fields": {
      "name": "Wafer Cleaner",
      "parent_tool": null,
      "visible": true,
      "_description": "",
      "_serial": "",
      "_image": "",
      "_tool_calendar_color": "#33ad33",
      "_category": "Specialty Tools",
      "_operational": true,
      "_primary_owner": [
        "captain"
      ],
      "_location": "215/C02-2",
      "_phone_number": "x6090",
      "_notification_email_address": "service@nautilus.com",
      "_interlock": null,
      "_requires_area_access": null,
      "_grant_physical_access_level_upon_qualification": null,
      "_grant_badge_reader_access_upon_qualification": null,
      "_reservation_horizon": 14,
      "_minimum_usage_block_time": 30,
      "_maximum_usage_block_time": 360,
      "_maximum_reservations_per_day": null,
      "_minimum_time_between_reservations": null,
      "_maximum_future_reservation_time": null,
      "_missed_reservation_threshold": 30,
      "_max_delayed_logoff": null,
      "_post_usage_questions": "",
      "_policy_off_between_times": false,
      "_policy_off_start_time": null,
      "_policy_off_end_time": null,
      "_policy_off_weekend": false,
      "_backup_owners": [
        [
          "ned"
        ],
        [
          "professor"
        ]
      ],
      "_superusers": []
    }
  },
  {
    "model": "NEMO.tool",
    "fields": {
      "name": "Mercury Probe",
      "parent_tool": null,
      "visible": true,
      "_description": "",
      "_serial": "",
      "_image": "",
      "_tool_calendar_color": "#33ad33",
      "_category": "Metrology",
      "_operational": true,
      "_primary_owner": [
        "captain"
      ],
      "_location": "215/B103",
      "_phone_number": "x2528",
      "_notification_email_address": "service@nautilus.com",
      "_interlock": null,
      "_requires_area_access": null,
      "_grant_physical_access_level_upon_qualification": 2,
      "_grant_badge_reader_access_upon_qualification": null,
      "_reservation_horizon": 14,
      "_minimum_usage_block_time": 60,
      "_maximum_usage_block_time": 1080,
      "_maximum_reservations_per_day": null,
      "_minimum_time_between_reservations": null,
      "_maximum_future_reservation_time": null,
      "_missed_reservation_threshold": null,
      "_max_delayed_logoff": null,
      "_post_usage_questions": "",
      "_policy_off_between_times": false,
      "_policy_off_start_time": null,
      "_policy_off_end_time": null,
      "_policy_off_weekend": false,
      "_backup_owners": [
        [
          "ned"
        ],
        [
          "professor"
        ]
      ],
      "_superusers": []
    }
  },
  {
    "model": "NEMO.tool",
    "fields": {
      "name": "Dynatex GSX Scribe and Break",
      "parent_tool": null,
      "visible": true,
      "_description": "",
      "_serial": "",
      "_image": "",
      "_tool_calendar_color": "#33ad33",
      "_category": "Packaging",
      "_operational": false,
      "_primary_owner": [
        "captain"
      ],
      "_location": "216/F108",
      "_phone_number": "x6084",
      "_notification_email_address": "nanofab_microscopy@nist.gov",
      "_interlock": null,
      "_requires_area_access": null,
      "_grant_physical_access_level_upon_qualification": null,
      "_grant_badge_reader_access_upon_qualification": null,
      "_reservation_horizon": 14,
      "_minimum_usage_block_time": 60,
      "_maximum_usage_block_time": 240,
      "_maximum_reservations_per_day": null,
      "_minimum_time_between_reservations": null,
      "_maximum_future_reservation_time": null,
      "_missed_reservation_threshold": 30,
      "_max_delayed_logoff": null,
      "_post_usage_questions": "",
      "_policy_off_between_times": false,
      "_policy_off_start_time": null,
      "_policy_off_end_time": null,
      "_policy_off_weekend": false,
      "_backup_owners": [
        [
          "ned"
        ],
        [
          "professor"
        ]
      ],
      "_superusers": []
    }
  },
  {
    "model": "NEMO.tool",
    "fields": {
      "name": "RHL Tube 1 Oxide",
      "parent_tool": null,
      "visible": true,
      "_description": "",
      "_serial": "",
      "_image": "",
      "_tool_calendar_color": "#33ad33",
      "_category": "Furnaces",
      "_operational": true,
      "_primary_owner": [
        "captain"
      ],
      "_location": "215/B106",
      "_phone_number": "x5332",
      "_notification_email_address": "service@nautilus.com",
      "_interlock": null,
      "_requires_area_access": null,
      "_grant_physical_access_level_upon_qualification": 2,
      "_grant_badge_reader_access_upon_qualification": null,
      "_reservation_horizon": 14,
      "_minimum_usage_block_time": 120,
      "_maximum_usage_block_time": 1000,
      "_maximum_reservations_per_day": null,
      "_minimum_time_between_reservations": null,
      "_maximum_future_reservation_time": null,
      "_missed_reservation_threshold": 30,
      "_max_delayed_logoff": null,
      "_post_usage_questions": "",
      "_policy_off_between_times": false,
      "_policy_off_start_time": null,
      "_policy_off_end_time": null,
      "_policy_off_weekend": false,
      "_backup_owners": [
        [
          "ned"
        ],
        [
          "professor"
        ]
      ],
      "_superusers": []
    }
  },
  {
    "model": "NEMO.tool",
    "fields": {
      "name": "RHL Tube 2 Anneal",
      "parent_tool": null,
      "visible": true,
      "_description": "",
      "_serial": "",
      "_image": "",
      "_tool_calendar_color": "#33ad33",
      "_category": "Furnaces",
      "_operational": true,
      "_primary_owner": [
        "captain"
      ],
      "_location": "215/B106",
      "_phone_number": "x5332",
      "_notification_email_address": "service@nautilus.com",
      "_interlock": null,
      "_requires_area_access": null,
      "_grant_physical_access_level_upon_qualification": 2,
      "_grant_badge_reader_access_upon_qualification": null,
      "_reservation_horizon": 14,
      "_minimum_usage_block_time": 120,
      "_maximum_usage_block_time": 408,
      "_maximum_reservations_per_day": null,
      "_minimum_time_between_reservations": null,
      "_maximum_future_reservation_time": null,
      "_missed_reservation_threshold": 30,
      "_max_delayed_logoff": null,
      "_post_usage_questions": "",
      "_policy_off_between_times": false,
      "_policy_off_start_time": null,
      "_policy_off_end_time": null,
      "_policy_off_weekend": false,
      "_backup_owners": [
        [
          "ned"
        ],
        [
          "professor"
        ]
      ],
      "_superusers": []
    }
  },
  {
    "model": "NEMO.tool",
    "fields": {
      "name": "RHL Tube 3 Nitride",
      "parent_tool": null,
      "visible": true,
      "_description": "",
      "_serial": "",
      "_image": "",
      "_tool_calendar_color": "#33ad33",
      "_category": "Furnaces",
      "_operational": true,
      "_primary_owner": [
        "captain"
      ],
      "_location": "215/B106",
      "_phone_number": "x5332",
      "_notification_email_address": "service@nautilus.com",
      "_interlock": null,
      "_requires_area_access": null,
      "_grant_physical_access_level_upon_qualification": 2,
      "_grant_badge_reader_access_upon_qualification": null,
      "_reservation_horizon": 14,
      "_minimum_usage_block_time": 120,
      "_maximum_usage_block_time": 480,
      "_maximum_reservations_per_day": null,
      "_minimum_time_between_reservations": null,
      "_maximum_future_reservation_time": null,
      "_missed_reservation_threshold": 30,
      "_max_delayed_logoff": null,
      "_post_usage_questions": "",
      "_policy_off_between_times": false,
      "_policy_off_start_time": null,
      "_policy_off_end_time": null,
      "_policy_off_weekend": false,
      "_backup_owners": [
        [
          "ned"
        ],
        [
          "professor"
        ]
      ],
      "_superusers": []
    }
  },
  {
    "model": "NEMO.tool",
    "fields": {
      "name": "RHL Tube 4 Poly",
      "parent_tool": null,
      "visible": true,
      "_description": "",
      "_serial": "",
      "_image": "",
      "_tool_calendar_color": "#33ad33",
      "_category": "Furnaces",
      "_operational": true,
      "_primary_owner": [
        "captain"
      ],
      "_location": "215/B106",
      "_phone_number": "x5332",
      "_notification_email_address": "service@nautilus.com",
      "_interlock": null,
      "_requires_area_access": null,
      "_grant_physical_access_level_upon_qualification": 2,
      "_grant_badge_reader_access_upon_qualification": null,
      "_reservation_horizon": 14,
      "_minimum_usage_block_time": 120,
      "_maximum_usage_block_time": 480,
      "_maximum_reservations_per_day": null,
      "_minimum_time_between_reservations": null,
      "_maximum_future_reservation_time": null,
      "_missed_reservation_threshold": 30,
      "_max_delayed_logoff": null,
      "_post_usage_questions": "",
      "_policy_off_between_times": false,
      "_policy_off_start_time": null,
      "_policy_off_end_time": null,
      "_policy_off_weekend": false,
      "_backup_owners": [
        [
          "ned"
        ],
        [
          "professor"
        ]
      ],
      "_superusers": []
    }
  },
  {
    "model": "NEMO.tool",
    "fields": {
      "name": "LHL Tube 1 Oxide",
      "parent_tool": null,
      "visible": true,
      "_description": "",
      "_serial": "",
      "_image": "",
      "_tool_calendar_color": "#33ad33",
      "_category": "Furnaces",
      "_operational": true,
      "_primary_owner": [
        "captain"
      ],
      "_location": "215/B106",
      "_phone_number": "x5332",
      "_notification_email_address": "service@nautilus.com",
      "_interlock": null,
      "_requires_area_access": null,
      "_grant_physical_access_level_upon_qualification": 2,
      "_grant_badge_reader_access_upon_qualification": null,
      "_reservation_horizon": 14,
      "_minimum_usage_block_time": 120,
      "_maximum_usage_block_time": 1000,
      "_maximum_reservations_per_day": null,
      "_minimum_time_between_reservations": null,
      "_maximum_future_reservation_time": null,
      "_missed_reservation_threshold": 30,
      "_max_delayed_logoff": null,
      "_post_usage_questions": "",
      "_policy_off_between_times": false,
      "_policy_off_start_time": null,
      "_policy_off_end_time": null,
      "_policy_off_weekend": false,
      "_backup_owners": [
        [
          "ned"
        ],
        [
          "professor"
        ]
      ],
      "_superusers": []
    }
  },
  {
    "model": "NEMO.tool",
    "fields": {
      "name": "LHL Tube 2 Anneal",
      "parent_tool": null,
      "visible": true,
      "_description": "",
      "_serial": "",
      "_image": "",
      "_tool_calendar_color": "#33ad33",
      "_category": "Furnaces",
      "_operational": true,
      "_primary_owner": [
        "captain"
      ],
      "_location": "215/B106",
      "_phone_number": "x5332",
      "_notification_email_address": "service@nautilus.com",
      "_interlock": null,
      "_requires_area_access": null,
      "_grant_physical_access_level_upon_qualification": 2,
      "_grant_badge_reader_access_upon_qualification": null,
      "_reservation_horizon": 14,
      "_minimum_usage_block_time": 120,
      "_maximum_usage_block_time": 480,
      "_maximum_reservations_per_day": null,
      "_minimum_time_between_reservations": null,
      "_maximum_future_reservation_time": null,
      "_missed_reservation_threshold": 30,
      "_max_delayed_logoff": null,
      "_post_usage_questions": "",
      "_policy_off_between_times": false,
      "_policy_off_start_time": null,
      "_policy_off_end_time": null,
      "_policy_off_weekend": false,
      "_backup_owners": [
        [
          "ned"
        ],
        [
          "professor"
        ]
      ],
      "_superusers": []
    }
  },
  {
    "model": "NEMO.tool",
    "fields": {
      "name": "LHL Tube 3 Nitride",
      "parent_tool": null,
      "visible": true,
      "_description": "",
      "_serial": "",
      "_image": "",
      "_tool_calendar_color": "#33ad33",
      "_category": "Furnaces",
      "_operational": true,
      "_primary_owner": [
        "captain"
      ],
      "_location": "215/B106",
      "_phone_number": "x5332",
      "_notification_email_address": "service@nautilus.com",
      "_interlock": null,
      "_requires_area_access": null,
      "_grant_physical_access_level_upon_qualification": 2,
      "_grant_badge_reader_access_upon_qualification": null,
      "_reservation_horizon": 14,
      "_minimum_usage_block_time": 120,
      "_maximum_usage_block_time": 480,
      "_maximum_reservations_per_day": null,
      "_minimum_time_between_reservations": null,
      "_maximum_future_reservation_time": null,
      "_missed_reservation_threshold": 30,
      "_max_delayed_logoff": null,
      "_post_usage_questions": "",
      "_policy_off_between_times": false,
      "_policy_off_start_time": null,
      "_policy_off_end_time": null,
      "_policy_off_weekend": false,
      "_backup_owners": [
        [
          "ned"
        ],
        [
          "professor"
        ]
      ],
      "_superusers": []
    }
  },
  {
    "model": "NEMO.tool",
    "fields": {
      "name": "Sensofar Optical Profilometer",
      "parent_tool": null,
      "visible": true,
      "_description": "",
      "_serial": "",
      "_image": "",
      "_tool_calendar_color": "#33ad33",
      "_category": "Metrology",
      "_operational": true,
      "_primary_owner": [
        "captain"
      ],
      "_location": "215/B103",
      "_phone_number": "x2528",
      "_notification_email_address": "service@nautilus.com",
      "_interlock": null,
      "_requires_area_access": null,
      "_grant_physical_access_level_upon_qualification": 2,
      "_grant_badge_reader_access_upon_qualification": null,
      "_reservation_horizon": 14,
      "_minimum_usage_block_time": 30,
      "_maximum_usage_block_time": 240,
      "_maximum_reservations_per_day": null,
      "_minimum_time_between_reservations": 60,
      "_maximum_future_reservation_time": null,
      "_missed_reservation_threshold": 30,
      "_max_delayed_logoff": null,
      "_post_usage_questions": "",
      "_policy_off_between_times": false,
      "_policy_off_start_time": null,
      "_policy_off_end_time": null,
      "_policy_off_weekend": false,
      "_backup_owners": [
        [
          "ned"
        ],
        [
          "professor"
        ]
      ],
      "_superusers": []
    }
  },
  {
    "model": "NEMO.tool",
    "fields": {
      "name": "Glow Discharge",
      "parent_tool": null,
      "visible": true,
      "_description": "",
      "_serial": "",
      "_image": "",
      "_tool_calendar_color": "#33ad33",
      "_category": "Imaging and Analysis",
      "_operational": true,
      "_primary_owner": [
        "captain"
      ],
      "_location": "216/F110",
      "_phone_number": "x6082",
      "_notification_email_address": "service@nautilus.com",
      "_interlock": null,
      "_requires_area_access": null,
      "_grant_physical_access_level_upon_qualification": null,
      "_grant_badge_reader_access_upon_qualification": null,
      "_reservation_horizon": 14,
      "_minimum_usage_block_time": null,
      "_maximum_usage_block_time": null,
      "_maximum_reservations_per_day": null,
      "_minimum_time_between_reservations": null,
      "_maximum_future_reservation_time": null,
      "_missed_reservation_threshold": null,
      "_max_delayed_logoff": null,
      "_post_usage_questions": "",
      "_policy_off_between_times": false,
      "_policy_off_start_time": null,
      "_policy_off_end_time": null,
      "_policy_off_weekend": false,
      "_backup_owners": [
        [
          "ned"
        ],
        [
          "professor"
        ]
      ],
      "_superusers": []
    }
  },
  {
    "model": "NEMO.tool",
    "fields": {
      "name": "Thermal Thin-Al Evaporator",
      "parent_tool": null,
      "visible": true,
      "_description": "",
      "_serial": "",
      "_image": "",
      "_tool_calendar_color": "#33ad33",
      "_category": "Physical Vapor Deposition",
      "_operational": true,
      "_primary_owner": [
        "captain"
      ],
      "_location": "215/A101",
      "_phone_number": "x8221",
      "_notification_email_address": "service@nautilus.com",
      "_interlock": null,
      "_requires_area_access": null,
      "_grant_physical_access_level_upon_qualification": null,
      "_grant_badge_reader_access_upon_qualification": null,
      "_reservation_horizon": 14,
      "_minimum_usage_block_time": null,
      "_maximum_usage_block_time": null,
      "_maximum_reservations_per_day": null,
      "_minimum_time_between_reservations": null,
      "_maximum_future_reservation_time": null,
      "_missed_reservation_threshold": 30,
      "_max_delayed_logoff": null,
      "_post_usage_questions": "",
      "_policy_off_between_times": false,
      "_policy_off_start_time": null,
      "_policy_off_end_time": null,
      "_policy_off_weekend": false,
      "_backup_owners": [
        [
          "ned"
        ],
        [
          "professor"
        ]
      ],
      "_superusers": []
    }
  },
  {
    "model": "NEMO.tool",
    "fields": {
      "name": "LHL Tube 4 LTO",
      "parent_tool": null,
      "visible": true,
      "_description": "",
      "_serial": "",
      "_image": "",
      "_tool_calendar_color": "#33ad33",
      "_category": "Furnaces",
      "_operational": false,
      "_primary_owner": [
        "captain"
      ],
      "_location": "215/B106",
      "_phone_number": "x5332",
      "_notification_email_address": "service@nautilus.com",
      "_interlock": null,
      "_requires_area_access": null,
      "_grant_physical_access_level_upon_qualification": 2,
      "_grant_badge_reader_access_upon_qualification": null,
      "_reservation_horizon": 14,
      "_minimum_usage_block_time": 120,
      "_maximum_usage_block_time": 480,
      "_maximum_reservations_per_day": null,
      "_minimum_time_between_reservations": null,
      "_maximum_future_reservation_time": null,
      "_missed_reservation_threshold": 30,
      "_max_delayed_logoff": null,
      "_post_usage_questions": "",
      "_policy_off_between_times": false,
      "_policy_off_start_time": null,
      "_policy_off_end_time": null,
      "_policy_off_weekend": false,
      "_backup_owners": [
        [
          "ned"
        ],
        [
          "professor"
        ]
      ],
      "_superusers": []
    }
  },
  {
    "model": "NEMO.tool",
    "fields": {
      "name": "A102 Spinner Left",
      "parent_tool": null,
      "visible": true,
      "_description": "",
      "_serial": "",
      "_image": "",
      "_tool_calendar_color": "#33ad33",
      "_category": "Lithography/Spin-Develop",
      "_operational": true,
      "_primary_owner": [
        "captain"
      ],
      "_location": "215/A102",
      "_phone_number": "x2119",
      "_notification_email_address": "service@nautilus.com",
      "_interlock": null,
      "_requires_area_access": null,
      "_grant_physical_access_level_upon_qualification": null,
      "_grant_badge_reader_access_upon_qualification": null,
      "_reservation_horizon": 14,
      "_minimum_usage_block_time": null,
      "_maximum_usage_block_time": null,
      "_maximum_reservations_per_day": null,
      "_minimum_time_between_reservations": null,
      "_maximum_future_reservation_time": null,
      "_missed_reservation_threshold": 30,
      "_max_delayed_logoff": null,
      "_post_usage_questions": "",
      "_policy_off_between_times": false,
      "_policy_off_start_time": null,
      "_policy_off_end_time": null,
      "_policy_off_weekend": false,
      "_backup_owners": [
        [
          "ned"
        ],
        [
          "professor"
        ]
      ],
      "_superusers": []
    }
  },
  {
    "model": "NEMO.tool",
    "fields": {
      "name": "A102 Spinner Right",
      "parent_tool": null,
      "visible": true,
      "_description": "",
      "_serial": "",
      "_image": "",
      "_tool_calendar_color": "#33ad33",
      "_category": "Lithography/Spin-Develop",
      "_operational": true,
      "_primary_owner": [
        "captain"
      ],
      "_location": "215/A102",
      "_phone_number": "x2119",
      "_notification_email_address": "service@nautilus.com",
      "_interlock": null,
      "_requires_area_access": null,
      "_grant_physical_access_level_upon_qualification": null,
      "_grant_badge_reader_access_upon_qualification": null,
      "_reservation_horizon": 14,
      "_minimum_usage_block_time": null,
      "_maximum_usage_block_time": null,
      "_maximum_reservations_per_day": null,
      "_minimum_time_between_reservations": null,
      "_maximum_future_reservation_time": null,
      "_missed_reservation_threshold": 30,
      "_max_delayed_logoff": null,
      "_post_usage_questions": "",
      "_policy_off_between_times": false,
      "_policy_off_start_time": null,
      "_policy_off_end_time": null,
      "_policy_off_weekend": false,
      "_backup_owners": [
        [
          "ned"
        ],
        [
          "professor"
        ]
      ],
      "_superusers": []
    }
  },
  {
    "model": "NEMO.tool",
    "fields": {
      "name": "A102 Spinner Hood",
      "parent_tool": null,
      "visible": true,
      "_description": "",
      "_serial": "",
      "_image": "",
      "_tool_calendar_color": "#33ad33",
      "_category": "Lithography/Spin-Develop",
      "_operational": true,
      "_primary_owner": [
        "captain"
      ],
      "_location": "215/A102",
      "_phone_number": "x2119",
      "_notification_email_address": "service@nautilus.com",
      "_interlock": null,
      "_requires_area_access": null,
      "_grant_physical_access_level_upon_qualification": null,
      "_grant_badge_reader_access_upon_qualification": null,
      "_reservation_horizon": 14,
      "_minimum_usage_block_time": null,
      "_maximum_usage_block_time": null,
      "_maximum_reservations_per_day": null,
      "_minimum_time_between_reservations": null,
      "_maximum_future_reservation_time": null,
      "_missed_reservation_threshold": null,
      "_max_delayed_logoff": null,
      "_post_usage_questions": "",
      "_policy_off_between_times": false,
      "_policy_off_start_time": null,
      "_policy_off_end_time": null,
      "_policy_off_weekend": false,
      "_backup_owners": [
        [
          "ned"
        ],
        [
          "professor"
        ]
      ],
      "_superusers": []
    }
  },
  {
    "model": "NEMO.tool",
    "fields": {
      "name": "A102 Develop Hood",
      "parent_tool": null,
      "visible": true,
      "_description": "",
      "_serial": "",
      "_image": "",
      "_tool_calendar_color": "#33ad33",
      "_category": "Lithography/Spin-Develop",
      "_operational": true,
      "_primary_owner": [
        "captain"
      ],
      "_location": "215/A102",
      "_phone_number": "x2119",
      "_notification_email_address": "service@nautilus.com",
      "_interlock": null,
      "_requires_area_access": null,
      "_grant_physical_access_level_upon_qualification": null,
      "_grant_badge_reader_access_upon_qualification": null,
      "_reservation_horizon": 14,
      "_minimum_usage_block_time": null,
      "_maximum_usage_block_time": null,
      "_maximum_reservations_per_day": null,
      "_minimum_time_between_reservations": null,
      "_maximum_future_reservation_time": null,
      "_missed_reservation_threshold": null,
      "_max_delayed_logoff": null,
      "_post_usage_questions": "",
      "_policy_off_between_times": false,
      "_policy_off_start_time": null,
      "_policy_off_end_time": null,
      "_policy_off_weekend": false,
      "_backup_owners": [
        [
          "ned"
        ],
        [
          "professor"
        ]
      ],
      "_superusers": []
    }
  },
  {
    "model": "NEMO.tool",
    "fields": {
      "name": "A103 Spinner Hood",
      "parent_tool": null,
      "visible": true,
      "_description": "",
      "_serial": "",
      "_image": "",
      "_tool_calendar_color": "#33ad33",
      "_category": "Lithography/Spin-Develop",
      "_operational": true,
      "_primary_owner": [
        "captain"
      ],
      "_location": "215/A103",
      "_phone_number": "x2391",
      "_notification_email_address": "service@nautilus.com",
      "_interlock": null,
      "_requires_area_access": null,
      "_grant_physical_access_level_upon_qualification": null,
      "_grant_badge_reader_access_upon_qualification": null,
      "_reservation_horizon": 14,
      "_minimum_usage_block_time": null,
      "_maximum_usage_block_time": null,
      "_maximum_reservations_per_day": null,
      "_minimum_time_between_reservations": null,
      "_maximum_future_reservation_time": null,
      "_missed_reservation_threshold": null,
      "_max_delayed_logoff": null,
      "_post_usage_questions": "",
      "_policy_off_between_times": false,
      "_policy_off_start_time": null,
      "_policy_off_end_time": null,
      "_policy_off_weekend": false,
      "_backup_owners": [
        [
          "ned"
        ],
        [
          "professor"
        ]
      ],
      "_superusers": []
    }
  },
  {
    "model": "NEMO.tool",
    "fields": {
      "name": "A103 Develop Hood",
      "parent_tool": null,
      "visible": true,
      "_description": "",
      "_serial": "",
      "_image": "",
      "_tool_calendar_color": "#33ad33",
      "_category": "Lithography/Spin-Develop",
      "_operational": true,
      "_primary_owner": [
        "captain"
      ],
      "_location": "215/A103",
      "_phone_number": "x2391",
      "_notification_email_address": "service@nautilus.com",
      "_interlock": null,
      "_requires_area_access": null,
      "_grant_physical_access_level_upon_qualification": null,
      "_grant_badge_reader_access_upon_qualification": null,
      "_reservation_horizon": 14,
      "_minimum_usage_block_time": null,
      "_maximum_usage_block_time": null,
      "_maximum_reservations_per_day": null,
      "_minimum_time_between_reservations": null,
      "_maximum_future_reservation_time": null,
      "_missed_reservation_threshold": null,
      "_max_delayed_logoff": null,
      "_post_usage_questions": "",
      "_policy_off_between_times": false,
      "_policy_off_start_time": null,
      "_policy_off_end_time": null,
      "_policy_off_weekend": false,
      "_backup_owners": [
        [
          "ned"
        ],
        [
          "professor"
        ]
      ],
      "_superusers": []
    }
  },
  {
    "model": "NEMO.tool",
    "fields": {
      "name": "A103 Spinner Left",
      "parent_tool": null,
      "visible": true,
      "_description": "",
      "_serial": "",
      "_image": "",
      "_tool_calendar_color": "#33ad33",
      "_category": "Lithography/Spin-Develop",
      "_operational": false,
      "_primary_owner": [
        "captain"
      ],
      "_location": "215/A103",
      "_phone_number": "x2391",
      "_notification_email_address": "service@nautilus.com",
      "_interlock": null,
      "_requires_area_access": null,
      "_grant_physical_access_level_upon_qualification": 2,
      "_grant_badge_reader_access_upon_qualification": null,
      "_reservation_horizon": 14,
      "_minimum_usage_block_time": null,
      "_maximum_usage_block_time": null,
      "_maximum_reservations_per_day": null,
      "_minimum_time_between_reservations": null,
      "_maximum_future_reservation_time": null,
      "_missed_reservation_threshold": 30,
      "_max_delayed_logoff": null,
      "_post_usage_questions": "",
      "_policy_off_between_times": false,
      "_policy_off_start_time": null,
      "_policy_off_end_time": null,
      "_policy_off_weekend": false,
      "_backup_owners": [
        [
          "ned"
        ],
        [
          "professor"
        ]
      ],
      "_superusers": []
    }
  },
  {
    "model": "NEMO.tool",
    "fields": {
      "name": "A103 Spinner Right",
      "parent_tool": null,
      "visible": true,
      "_description": "",
      "_serial": "",
      "_image": "",
      "_tool_calendar_color": "#33ad33",
      "_category": "Lithography/Spin-Develop",
      "_operational": true,
      "_primary_owner": [
        "captain"
      ],
      "_location": "215/A103",
      "_phone_number": "x2391",
      "_notification_email_address": "service@nautilus.com",
      "_interlock": null,
      "_requires_area_access": null,
      "_grant_physical_access_level_upon_qualification": null,
      "_grant_badge_reader_access_upon_qualification": null,
      "_reservation_horizon": 14,
      "_minimum_usage_block_time": null,
      "_maximum_usage_block_time": null,
      "_maximum_reservations_per_day": null,
      "_minimum_time_between_reservations": null,
      "_maximum_future_reservation_time": null,
      "_missed_reservation_threshold": 30,
      "_max_delayed_logoff": null,
      "_post_usage_questions": "",
      "_policy_off_between_times": false,
      "_policy_off_start_time": null,
      "_policy_off_end_time": null,
      "_policy_off_weekend": false,
      "_backup_owners": [
        [
          "ned"
        ],
        [
          "professor"
        ]
      ],
      "_superusers": []
    }
  },
  {
    "model": "NEMO.tool",
    "fields": {
      "name": "A104 EBL Spinner Left",
      "parent_tool": null,
      "visible": true,
      "_description": "",
      "_serial": "",
      "_image": "",
      "_tool_calendar_color": "#33ad33",
      "_category": "Lithography/Spin-Develop",
      "_operational": true,
      "_primary_owner": [
        "captain"
      ],
      "_location": "215/A104",
      "_phone_number": "x3196",
      "_notification_email_address": "service@nautilus.com",
      "_interlock": null,
      "_requires_area_access": null,
      "_grant_physical_access_level_upon_qualification": 2,
      "_grant_badge_reader_access_upon_qualification": null,
      "_reservation_horizon": 14,
      "_minimum_usage_block_time": null,
      "_maximum_usage_block_time": null,
      "_maximum_reservations_per_day": null,
      "_minimum_time_between_reservations": null,
      "_maximum_future_reservation_time": null,
      "_missed_reservation_threshold": 30,
      "_max_delayed_logoff": null,
      "_post_usage_questions": "",
      "_policy_off_between_times": false,
      "_policy_off_start_time": null,
      "_policy_off_end_time": null,
      "_policy_off_weekend": false,
      "_backup_owners": [
        [
          "ned"
        ],
        [
          "professor"
        ]
      ],
      "_superusers": []
    }
  },
  {
    "model": "NEMO.tool",
    "fields": {
      "name": "A104 EBL Spinner Right",
      "parent_tool": null,
      "visible": true,
      "_description": "",
      "_serial": "",
      "_image": "",
      "_tool_calendar_color": "#33ad33",
      "_category": "Lithography/Spin-Develop",
      "_operational": true,
      "_primary_owner": [
        "captain"
      ],
      "_location": "215/A104",
      "_phone_number": "x3196",
      "_notification_email_address": "service@nautilus.com",
      "_interlock": null,
      "_requires_area_access": null,
      "_grant_physical_access_level_upon_qualification": null,
      "_grant_badge_reader_access_upon_qualification": null,
      "_reservation_horizon": 14,
      "_minimum_usage_block_time": null,
      "_maximum_usage_block_time": null,
      "_maximum_reservations_per_day": null,
      "_minimum_time_between_reservations": null,
      "_maximum_future_reservation_time": null,
      "_missed_reservation_threshold": 30,
      "_max_delayed_logoff": null,
      "_post_usage_questions": "",
      "_policy_off_between_times": false,
      "_policy_off_start_time": null,
      "_policy_off_end_time": null,
      "_policy_off_weekend": false,
      "_backup_owners": [
        [
          "ned"
        ],
        [
          "professor"
        ]
      ],
      "_superusers": []
    }
  },
  {
    "model": "NEMO.tool",
    "fields": {
      "name": "A104 EBL Spinner Hood",
      "parent_tool": null,
      "visible": true,
      "_description": "",
      "_serial": "",
      "_image": "",
      "_tool_calendar_color": "#33ad33",
      "_category": "Lithography/Spin-Develop",
      "_operational": true,
      "_primary_owner": [
        "captain"
      ],
      "_location": "215/A104",
      "_phone_number": "x3196",
      "_notification_email_address": "service@nautilus.com",
      "_interlock": null,
      "_requires_area_access": null,
      "_grant_physical_access_level_upon_qualification": null,
      "_grant_badge_reader_access_upon_qualification": null,
      "_reservation_horizon": 14,
      "_minimum_usage_block_time": null,
      "_maximum_usage_block_time": null,
      "_maximum_reservations_per_day": null,
      "_minimum_time_between_reservations": null,
      "_maximum_future_reservation_time": null,
      "_missed_reservation_threshold": null,
      "_max_delayed_logoff": null,
      "_post_usage_questions": "",
      "_policy_off_between_times": false,
      "_policy_off_start_time": null,
      "_policy_off_end_time": null,
      "_policy_off_weekend": false,
      "_backup_owners": [
        [
          "ned"
        ],
        [
          "professor"
        ]
      ],
      "_superusers": []
    }
  },
  {
    "model": "NEMO.tool",
    "fields": {
      "name": "A104 EBL Develop Hood Left",
      "parent_tool": null,
      "visible": true,
      "_description": "",
      "_serial": "",
      "_image": "",
      "_tool_calendar_color": "#33ad33",
      "_category": "Lithography/Spin-Develop",
      "_operational": true,
      "_primary_owner": [
        "captain"
      ],
      "_location": "215/A104",
      "_phone_number": "x3196",
      "_notification_email_address": "service@nautilus.com",
      "_interlock": null,
      "_requires_area_access": null,
      "_grant_physical_access_level_upon_qualification": null,
      "_grant_badge_reader_access_upon_qualification": null,
      "_reservation_horizon": 14,
      "_minimum_usage_block_time": null,
      "_maximum_usage_block_time": null,
      "_maximum_reservations_per_day": null,
      "_minimum_time_between_reservations": null,
      "_maximum_future_reservation_time": null,
      "_missed_reservation_threshold": null,
      "_max_delayed_logoff": null,
      "_post_usage_questions": "",
      "_policy_off_between_times": false,
      "_policy_off_start_time": null,
      "_policy_off_end_time": null,
      "_policy_off_weekend": false,
      "_backup_owners": [
        [
          "ned"
        ],
        [
          "professor"
        ]
      ],
      "_superusers": []
    }
  },
  {
    "model": "NEMO.tool",
    "fields": {
      "name": "A104 EBL Develop Hood Right",
      "parent_tool": null,
      "visible": true,
      "_description": "",
      "_serial": "",
      "_image": "",
      "_tool_calendar_color": "#33ad33",
      "_category": "Lithography/Spin-Develop",
      "_operational": true,
      "_primary_owner": [
        "captain"
      ],
      "_location": "215/A104",
      "_phone_number": "x3196",
      "_notification_email_address": "service@nautilus.com",
      "_interlock": null,
      "_requires_area_access": null,
      "_grant_physical_access_level_upon_qualification": null,
      "_grant_badge_reader_access_upon_qualification": null,
      "_reservation_horizon": 14,
      "_minimum_usage_block_time": null,
      "_maximum_usage_block_time": null,
      "_maximum_reservations_per_day": null,
      "_minimum_time_between_reservations": null,
      "_maximum_future_reservation_time": null,
      "_missed_reservation_threshold": null,
      "_max_delayed_logoff": null,
      "_post_usage_questions": "",
      "_policy_off_between_times": false,
      "_policy_off_start_time": null,
      "_policy_off_end_time": null,
      "_policy_off_weekend": false,
      "_backup_owners": [
        [
          "ned"
        ],
        [
          "professor"
        ]
      ],
      "_superusers": []
    }
  },
  {
    "model": "NEMO.tool",
    "fields": {
      "name": "B102 Furnace RCA Clean",
      "parent_tool": null,
      "visible": true,
      "_description": "",
      "_serial": "",
      "_image": "",
      "_tool_calendar_color": "#33ad33",
      "_category": "Furnaces",
      "_operational": true,
      "_primary_owner": [
        "captain"
      ],
      "_location": "B102",
      "_phone_number": "x6088",
      "_notification_email_address": "service@nautilus.com",
      "_interlock": null,
      "_requires_area_access": null,
      "_grant_physical_access_level_upon_qualification": 2,
      "_grant_badge_reader_access_upon_qualification": null,
      "_reservation_horizon": 14,
      "_minimum_usage_block_time": 30,
      "_maximum_usage_block_time": 240,
      "_maximum_reservations_per_day": null,
      "_minimum_time_between_reservations": null,
      "_maximum_future_reservation_time": null,
      "_missed_reservation_threshold": null,
      "_max_delayed_logoff": null,
      "_post_usage_questions": "",
      "_policy_off_between_times": false,
      "_policy_off_start_time": null,
      "_policy_off_end_time": null,
      "_policy_off_weekend": false,
      "_backup_owners": [
        [
          "ned"
        ],
        [
          "professor"
        ]
      ],
      "_superusers": []
    }
  },
  {
    "model": "NEMO.tool",
    "fields": {
      "name": "Filmetrics F50-UV Mapping",
      "parent_tool": null,
      "visible": true,
      "_description": "",
      "_serial": "",
      "_image": "",
      "_tool_calendar_color": "#33ad33",
      "_category": "Metrology",
      "_operational": true,
      "_primary_owner": [
        "captain"
      ],
      "_location": "215/C02-2",
      "_phone_number": "x6090",
      "_notification_email_address": "service@nautilus.com",
      "_interlock": null,
      "_requires_area_access": null,
      "_grant_physical_access_level_upon_qualification": null,
      "_grant_badge_reader_access_upon_qualification": null,
      "_reservation_horizon": 14,
      "_minimum_usage_block_time": null,
      "_maximum_usage_block_time": null,
      "_maximum_reservations_per_day": null,
      "_minimum_time_between_reservations": null,
      "_maximum_future_reservation_time": null,
      "_missed_reservation_threshold": null,
      "_max_delayed_logoff": null,
      "_post_usage_questions": "",
      "_policy_off_between_times": false,
      "_policy_off_start_time": null,
      "_policy_off_end_time": null,
      "_policy_off_weekend": false,
      "_backup_owners": [
        [
          "ned"
        ],
        [
          "professor"
        ]
      ],
      "_superusers": []
    }
  },
  {
    "model": "NEMO.tool",
    "fields": {
      "name": "A105 Develop Hood",
      "parent_tool": null,
      "visible": true,
      "_description": "",
      "_serial": "",
      "_image": "",
      "_tool_calendar_color": "#33ad33",
      "_category": "Lithography/Spin-Develop",
      "_operational": true,
      "_primary_owner": [
        "captain"
      ],
      "_location": "215/A105",
      "_phone_number": "x3224",
      "_notification_email_address": "service@nautilus.com",
      "_interlock": null,
      "_requires_area_access": null,
      "_grant_physical_access_level_upon_qualification": null,
      "_grant_badge_reader_access_upon_qualification": null,
      "_reservation_horizon": 14,
      "_minimum_usage_block_time": null,
      "_maximum_usage_block_time": null,
      "_maximum_reservations_per_day": null,
      "_minimum_time_between_reservations": null,
      "_maximum_future_reservation_time": null,
      "_missed_reservation_threshold": null,
      "_max_delayed_logoff": null,
      "_post_usage_questions": "",
      "_policy_off_between_times": false,
      "_policy_off_start_time": null,
      "_policy_off_end_time": null,
      "_policy_off_weekend": false,
      "_backup_owners": [
        [
          "ned"
        ],
        [
          "professor"
        ]
      ],
      "_superusers": []
    }
  },
  {
    "model": "NEMO.tool",
    "fields": {
      "name": "A105 Solvent Hood",
      "parent_tool": null,
      "visible": true,
      "_description": "",
      "_serial": "",
      "_image": "",
      "_tool_calendar_color": "#33ad33",
      "_category": "Lithography/Spin-Develop",
      "_operational": true,
      "_primary_owner": [
        "captain"
      ],
      "_location": "215/A105",
      "_phone_number": "x3224",
      "_notification_email_address": "service@nautilus.com",
      "_interlock": null,
      "_requires_area_access": null,
      "_grant_physical_access_level_upon_qualification": null,
      "_grant_badge_reader_access_upon_qualification": null,
      "_reservation_horizon": 14,
      "_minimum_usage_block_time": null,
      "_maximum_usage_block_time": null,
      "_maximum_reservations_per_day": null,
      "_minimum_time_between_reservations": null,
      "_maximum_future_reservation_time": null,
      "_missed_reservation_threshold": null,
      "_max_delayed_logoff": null,
      "_post_usage_questions": "",
      "_policy_off_between_times": false,
      "_policy_off_start_time": null,
      "_policy_off_end_time": null,
      "_policy_off_weekend": false,
      "_backup_owners": [
        [
          "ned"
        ],
        [
          "professor"
        ]
      ],
      "_superusers": []
    }
  },
  {
    "model": "NEMO.tool",
    "fields": {
      "name": "A106 Base Hood",
      "parent_tool": null,
      "visible": true,
      "_description": "",
      "_serial": "",
      "_image": "",
      "_tool_calendar_color": "#33ad33",
      "_category": "Wet Chemistry",
      "_operational": true,
      "_primary_owner": [
        "captain"
      ],
      "_location": "215/A106",
      "_phone_number": "x3557",
      "_notification_email_address": "service@nautilus.com",
      "_interlock": null,
      "_requires_area_access": null,
      "_grant_physical_access_level_upon_qualification": null,
      "_grant_badge_reader_access_upon_qualification": null,
      "_reservation_horizon": 14,
      "_minimum_usage_block_time": null,
      "_maximum_usage_block_time": null,
      "_maximum_reservations_per_day": null,
      "_minimum_time_between_reservations": null,
      "_maximum_future_reservation_time": null,
      "_missed_reservation_threshold": null,
      "_max_delayed_logoff": null,
      "_post_usage_questions": "",
      "_policy_off_between_times": false,
      "_policy_off_start_time": null,
      "_policy_off_end_time": null,
      "_policy_off_weekend": false,
      "_backup_owners": [
        [
          "ned"
        ],
        [
          "professor"
        ]
      ],
      "_superusers": []
    }
  },
  {
    "model": "NEMO.tool",
    "fields": {
      "name": "A101 Leica MZ7",
      "parent_tool": null,
      "visible": true,
      "_description": "",
      "_serial": "",
      "_image": "",
      "_tool_calendar_color": "#33ad33",
      "_category": "Optical Microscopes",
      "_operational": true,
      "_primary_owner": [
        "captain"
      ],
      "_location": "215/A101",
      "_phone_number": "x8221",
      "_notification_email_address": "service@nautilus.com",
      "_interlock": null,
      "_requires_area_access": null,
      "_grant_physical_access_level_upon_qualification": null,
      "_grant_badge_reader_access_upon_qualification": null,
      "_reservation_horizon": 14,
      "_minimum_usage_block_time": null,
      "_maximum_usage_block_time": null,
      "_maximum_reservations_per_day": null,
      "_minimum_time_between_reservations": null,
      "_maximum_future_reservation_time": null,
      "_missed_reservation_threshold": null,
      "_max_delayed_logoff": null,
      "_post_usage_questions": "",
      "_policy_off_between_times": false,
      "_policy_off_start_time": null,
      "_policy_off_end_time": null,
      "_policy_off_weekend": false,
      "_backup_owners": [
        [
          "ned"
        ],
        [
          "professor"
        ]
      ],
      "_superusers": []
    }
  },
  {
    "model": "NEMO.tool",
    "fields": {
      "name": "A101 Busch & Lomb",
      "parent_tool": null,
      "visible": true,
      "_description": "",
      "_serial": "",
      "_image": "",
      "_tool_calendar_color": "#33ad33",
      "_category": "Optical Microscopes",
      "_operational": true,
      "_primary_owner": [
        "captain"
      ],
      "_location": "215/A101",
      "_phone_number": "x8221",
      "_notification_email_address": "service@nautilus.com",
      "_interlock": null,
      "_requires_area_access": null,
      "_grant_physical_access_level_upon_qualification": null,
      "_grant_badge_reader_access_upon_qualification": null,
      "_reservation_horizon": 14,
      "_minimum_usage_block_time": null,
      "_maximum_usage_block_time": null,
      "_maximum_reservations_per_day": null,
      "_minimum_time_between_reservations": null,
      "_maximum_future_reservation_time": null,
      "_missed_reservation_threshold": null,
      "_max_delayed_logoff": null,
      "_post_usage_questions": "",
      "_policy_off_between_times": false,
      "_policy_off_start_time": null,
      "_policy_off_end_time": null,
      "_policy_off_weekend": false,
      "_backup_owners": [
        [
          "ned"
        ],
        [
          "professor"
        ]
      ],
      "_superusers": []
    }
  },
  {
    "model": "NEMO.tool",
    "fields": {
      "name": "A102 Nikon MM-800",
      "parent_tool": null,
      "visible": true,
      "_description": "",
      "_serial": "",
      "_image": "",
      "_tool_calendar_color": "#33ad33",
      "_category": "Optical Microscopes",
      "_operational": true,
      "_primary_owner": [
        "captain"
      ],
      "_location": "215/A102",
      "_phone_number": "x2119",
      "_notification_email_address": "service@nautilus.com",
      "_interlock": null,
      "_requires_area_access": null,
      "_grant_physical_access_level_upon_qualification": null,
      "_grant_badge_reader_access_upon_qualification": null,
      "_reservation_horizon": 14,
      "_minimum_usage_block_time": null,
      "_maximum_usage_block_time": null,
      "_maximum_reservations_per_day": null,
      "_minimum_time_between_reservations": null,
      "_maximum_future_reservation_time": null,
      "_missed_reservation_threshold": null,
      "_max_delayed_logoff": null,
      "_post_usage_questions": "",
      "_policy_off_between_times": false,
      "_policy_off_start_time": null,
      "_policy_off_end_time": null,
      "_policy_off_weekend": false,
      "_backup_owners": [
        [
          "ned"
        ],
        [
          "professor"
        ]
      ],
      "_superusers": []
    }
  },
  {
    "model": "NEMO.tool",
    "fields": {
      "name": "A103 Nikon L200",
      "parent_tool": null,
      "visible": true,
      "_description": "",
      "_serial": "",
      "_image": "",
      "_tool_calendar_color": "#33ad33",
      "_category": "Optical Microscopes",
      "_operational": true,
      "_primary_owner": [
        "captain"
      ],
      "_location": "215/A103",
      "_phone_number": "x2391",
      "_notification_email_address": "service@nautilus.com",
      "_interlock": null,
      "_requires_area_access": null,
      "_grant_physical_access_level_upon_qualification": null,
      "_grant_badge_reader_access_upon_qualification": null,
      "_reservation_horizon": 14,
      "_minimum_usage_block_time": null,
      "_maximum_usage_block_time": null,
      "_maximum_reservations_per_day": null,
      "_minimum_time_between_reservations": null,
      "_maximum_future_reservation_time": null,
      "_missed_reservation_threshold": null,
      "_max_delayed_logoff": null,
      "_post_usage_questions": "",
      "_policy_off_between_times": false,
      "_policy_off_start_time": null,
      "_policy_off_end_time": null,
      "_policy_off_weekend": false,
      "_backup_owners": [
        [
          "ned"
        ],
        [
          "professor"
        ]
      ],
      "_superusers": []
    }
  },
  {
    "model": "NEMO.tool",
    "fields": {
      "name": "A105 Nikon L200",
      "parent_tool": null,
      "visible": true,
      "_description": "",
      "_serial": "",
      "_image": "",
      "_tool_calendar_color": "#33ad33",
      "_category": "Optical Microscopes",
      "_operational": true,
      "_primary_owner": [
        "captain"
      ],
      "_location": "215/A105",
      "_phone_number": "x3224",
      "_notification_email_address": "service@nautilus.com",
      "_interlock": null,
      "_requires_area_access": null,
      "_grant_physical_access_level_upon_qualification": null,
      "_grant_badge_reader_access_upon_qualification": null,
      "_reservation_horizon": 14,
      "_minimum_usage_block_time": null,
      "_maximum_usage_block_time": null,
      "_maximum_reservations_per_day": null,
      "_minimum_time_between_reservations": null,
      "_maximum_future_reservation_time": null,
      "_missed_reservation_threshold": null,
      "_max_delayed_logoff": null,
      "_post_usage_questions": "",
      "_policy_off_between_times": false,
      "_policy_off_start_time": null,
      "_policy_off_end_time": null,
      "_policy_off_weekend": false,
      "_backup_owners": [
        [
          "ned"
        ],
        [
          "professor"
        ]
      ],
      "_superusers": []
    }
  },
  {
    "model": "NEMO.tool",
    "fields": {
      "name": "B107 Nikon L200",
      "parent_tool": null,
      "visible": true,
      "_description": "",
      "_serial": "",
      "_image": "",
      "_tool_calendar_color": "#33ad33",
      "_category": "Optical Microscopes",
      "_operational": true,
      "_primary_owner": [
        "captain"
      ],
      "_location": "215/B107",
      "_phone_number": "x3583",
      "_notification_email_address": "service@nautilus.com",
      "_interlock": null,
      "_requires_area_access": null,
      "_grant_physical_access_level_upon_qualification": null,
      "_grant_badge_reader_access_upon_qualification": null,
      "_reservation_horizon": 14,
      "_minimum_usage_block_time": null,
      "_maximum_usage_block_time": null,
      "_maximum_reservations_per_day": null,
      "_minimum_time_between_reservations": null,
      "_maximum_future_reservation_time": null,
      "_missed_reservation_threshold": null,
      "_max_delayed_logoff": null,
      "_post_usage_questions": "",
      "_policy_off_between_times": false,
      "_policy_off_start_time": null,
      "_policy_off_end_time": null,
      "_policy_off_weekend": false,
      "_backup_owners": [
        [
          "ned"
        ],
        [
          "professor"
        ]
      ],
      "_superusers": []
    }
  },
  {
    "model": "NEMO.tool",
    "fields": {
      "name": "B107 Nikon SMZ1500",
      "parent_tool": null,
      "visible": true,
      "_description": "",
      "_serial": "",
      "_image": "",
      "_tool_calendar_color": "#33ad33",
      "_category": "Optical Microscopes",
      "_operational": true,
      "_primary_owner": [
        "captain"
      ],
      "_location": "215/B107",
      "_phone_number": "x3583",
      "_notification_email_address": "service@nautilus.com",
      "_interlock": null,
      "_requires_area_access": null,
      "_grant_physical_access_level_upon_qualification": null,
      "_grant_badge_reader_access_upon_qualification": null,
      "_reservation_horizon": 14,
      "_minimum_usage_block_time": null,
      "_maximum_usage_block_time": null,
      "_maximum_reservations_per_day": null,
      "_minimum_time_between_reservations": null,
      "_maximum_future_reservation_time": null,
      "_missed_reservation_threshold": null,
      "_max_delayed_logoff": null,
      "_post_usage_questions": "",
      "_policy_off_between_times": false,
      "_policy_off_start_time": null,
      "_policy_off_end_time": null,
      "_policy_off_weekend": false,
      "_backup_owners": [
        [
          "ned"
        ],
        [
          "professor"
        ]
      ],
      "_superusers": []
    }
  },
  {
    "model": "NEMO.tool",
    "fields": {
      "name": "B101 Acid Hood",
      "parent_tool": null,
      "visible": true,
      "_description": "",
      "_serial": "",
      "_image": "",
      "_tool_calendar_color": "#33ad33",
      "_category": "Wet Chemistry",
      "_operational": true,
      "_primary_owner": [
        "captain"
      ],
      "_location": "215/B101",
      "_phone_number": "x3342",
      "_notification_email_address": "service@nautilus.com",
      "_interlock": null,
      "_requires_area_access": null,
      "_grant_physical_access_level_upon_qualification": null,
      "_grant_badge_reader_access_upon_qualification": null,
      "_reservation_horizon": 14,
      "_minimum_usage_block_time": null,
      "_maximum_usage_block_time": null,
      "_maximum_reservations_per_day": null,
      "_minimum_time_between_reservations": null,
      "_maximum_future_reservation_time": null,
      "_missed_reservation_threshold": null,
      "_max_delayed_logoff": null,
      "_post_usage_questions": "",
      "_policy_off_between_times": false,
      "_policy_off_start_time": null,
      "_policy_off_end_time": null,
      "_policy_off_weekend": false,
      "_backup_owners": [
        [
          "ned"
        ],
        [
          "professor"
        ]
      ],
      "_superusers": []
    }
  },
  {
    "model": "NEMO.tool",
    "fields": {
      "name": "B102 Solvent Hood",
      "parent_tool": null,
      "visible": true,
      "_description": "",
      "_serial": "",
      "_image": "",
      "_tool_calendar_color": "#33ad33",
      "_category": "Wet Chemistry",
      "_operational": true,
      "_primary_owner": [
        "captain"
      ],
      "_location": "215/B102",
      "_phone_number": "x6088",
      "_notification_email_address": "service@nautilus.com",
      "_interlock": null,
      "_requires_area_access": null,
      "_grant_physical_access_level_upon_qualification": null,
      "_grant_badge_reader_access_upon_qualification": null,
      "_reservation_horizon": 14,
      "_minimum_usage_block_time": null,
      "_maximum_usage_block_time": null,
      "_maximum_reservations_per_day": null,
      "_minimum_time_between_reservations": null,
      "_maximum_future_reservation_time": null,
      "_missed_reservation_threshold": null,
      "_max_delayed_logoff": null,
      "_post_usage_questions": "",
      "_policy_off_between_times": false,
      "_policy_off_start_time": null,
      "_policy_off_end_time": null,
      "_policy_off_weekend": false,
      "_backup_owners": [
        [
          "ned"
        ],
        [
          "professor"
        ]
      ],
      "_superusers": []
    }
  },
  {
    "model": "NEMO.tool",
    "fields": {
      "name": "B104 Solvent Hood",
      "parent_tool": null,
      "visible": true,
      "_description": "",
      "_serial": "",
      "_image": "",
      "_tool_calendar_color": "#33ad33",
      "_category": "Wet Chemistry",
      "_operational": true,
      "_primary_owner": [
        "captain"
      ],
      "_location": "215/B104",
      "_phone_number": "x3574",
      "_notification_email_address": "service@nautilus.com",
      "_interlock": null,
      "_requires_area_access": null,
      "_grant_physical_access_level_upon_qualification": null,
      "_grant_badge_reader_access_upon_qualification": null,
      "_reservation_horizon": 14,
      "_minimum_usage_block_time": null,
      "_maximum_usage_block_time": null,
      "_maximum_reservations_per_day": null,
      "_minimum_time_between_reservations": null,
      "_maximum_future_reservation_time": null,
      "_missed_reservation_threshold": null,
      "_max_delayed_logoff": null,
      "_post_usage_questions": "",
      "_policy_off_between_times": false,
      "_policy_off_start_time": null,
      "_policy_off_end_time": null,
      "_policy_off_weekend": false,
      "_backup_owners": [
        [
          "ned"
        ],
        [
          "professor"
        ]
      ],
      "_superusers": []
    }
  },
  {
    "model": "NEMO.tool",
    "fields": {
      "name": "790 RIE Middle",
      "parent_tool": null,
      "visible": true,
      "_description": "",
      "_serial": "",
      "_image": "",
      "_tool_calendar_color": "#33ad33",
      "_category": "Dry Etch",
      "_operational": true,
      "_primary_owner": [
        "captain"
      ],
      "_location": "215/B105",
      "_phone_number": "x3583",
      "_notification_email_address": "service@nautilus.com",
      "_interlock": null,
      "_requires_area_access": null,
      "_grant_physical_access_level_upon_qualification": 2,
      "_grant_badge_reader_access_upon_qualification": null,
      "_reservation_horizon": 14,
      "_minimum_usage_block_time": 30,
      "_maximum_usage_block_time": 240,
      "_maximum_reservations_per_day": null,
      "_minimum_time_between_reservations": null,
      "_maximum_future_reservation_time": null,
      "_missed_reservation_threshold": 30,
      "_max_delayed_logoff": 120,
      "_post_usage_questions": "",
      "_policy_off_between_times": false,
      "_policy_off_start_time": null,
      "_policy_off_end_time": null,
      "_policy_off_weekend": false,
      "_backup_owners": [
        [
          "ned"
        ],
        [
          "professor"
        ]
      ],
      "_superusers": []
    }
  },
  {
    "model": "NEMO.tool",
    "fields": {
      "name": "790 RIE Right",
      "parent_tool": null,
      "visible": true,
      "_description": "",
      "_serial": "",
      "_image": "",
      "_tool_calendar_color": "#33ad33",
      "_category": "Dry Etch",
      "_operational": true,
      "_primary_owner": [
        "captain"
      ],
      "_location": "215/B105",
      "_phone_number": "x3583",
      "_notification_email_address": "service@nautilus.com",
      "_interlock": null,
      "_requires_area_access": null,
      "_grant_physical_access_level_upon_qualification": 2,
      "_grant_badge_reader_access_upon_qualification": null,
      "_reservation_horizon": 14,
      "_minimum_usage_block_time": 30,
      "_maximum_usage_block_time": 240,
      "_maximum_reservations_per_day": null,
      "_minimum_time_between_reservations": null,
      "_maximum_future_reservation_time": null,
      "_missed_reservation_threshold": 30,
      "_max_delayed_logoff": 120,
      "_post_usage_questions": "[\n   {\n            \"type\": \"dropdown\",\n           \"title\": \"What material did you you etch?\",\n           \"placeholder\": \"Pick one\",\n           \"choices\": [\"Silicon oxide\",\"Silicon nitride\"],\n            \"labels\": {\n            \"Oxide\": [\n                \"Silicon oxide\"\n            ],\n            \"Silicon\": [\n                \"Silicon nitride\"\n            ]\n        },\n        \"max-width\": 250,\n        \"required\": true,\n        \"name\": \"etch_material\"\n    },\n    {\n        \"type\": \"number\",\n        \"precision\": 3,\n        \"title\": \"How long did you etch?\",\n        \"max-width\": 250,\n        \"suffix\": \"min\",\n        \"required\": true,\n        \"name\": \"etch_time\"\n    }\n]\n",
      "_policy_off_between_times": false,
      "_policy_off_start_time": null,
      "_policy_off_end_time": null,
      "_policy_off_weekend": false,
      "_backup_owners": [
        [
          "ned"
        ],
        [
          "professor"
        ]
      ],
      "_superusers": []
    }
  },
  {
    "model": "NEMO.tool",
    "fields": {
      "name": "790 RIE Nitride Left",
      "parent_tool": null,
      "visible": true,
      "_description": "",
      "_serial": "",
      "_image": "",
      "_tool_calendar_color": "#33ad33",
      "_category": "Dry Etch",
      "_operational": true,
      "_primary_owner": [
        "captain"
      ],
      "_location": "215/B105",
      "_phone_number": "x3583",
      "_notification_email_address": "service@nautilus.com",
      "_interlock": null,
      "_requires_area_access": null,
      "_grant_physical_access_level_upon_qualification": 2,
      "_grant_badge_reader_access_upon_qualification": null,
      "_reservation_horizon": 14,
      "_minimum_usage_block_time": 30,
      "_maximum_usage_block_time": 240,
      "_maximum_reservations_per_day": null,
      "_minimum_time_between_reservations": null,
      "_maximum_future_reservation_time": null,
      "_missed_reservation_threshold": 30,
      "_max_delayed_logoff": 120,
      "_post_usage_questions": "",
      "_policy_off_between_times": false,
      "_policy_off_start_time": null,
      "_policy_off_end_time": null,
      "_policy_off_weekend": false,
      "_backup_owners": [
        [
          "ned"
        ],
        [
          "professor"
        ]
      ],
      "_superusers": []
    }
  },
  {
    "model": "NEMO.tool",
    "fields": {
      "name": "E-Beam and Thermal Evaporator",
      "parent_tool": null,
      "visible": true,
      "_description": "",
      "_serial": "",
      "_image": "",
      "_tool_calendar_color": "#33ad33",
      "_category": "Physical Vapor Deposition",
      "_operational": true,
      "_primary_owner": [
        "captain"
      ],
      "_location": "215/B104",
      "_phone_number": "x3574",
      "_notification_email_address": "service@nautilus.com",
      "_interlock": null,
      "_requires_area_access": null,
      "_grant_physical_access_level_upon_qualification": 2,
      "_grant_badge_reader_access_upon_qualification": null,
      "_reservation_horizon": 14,
      "_minimum_usage_block_time": 30,
      "_maximum_usage_block_time": 240,
      "_maximum_reservations_per_day": 2,
      "_minimum_time_between_reservations": 180,
      "_maximum_future_reservation_time": 1440,
      "_missed_reservation_threshold": 30,
      "_max_delayed_logoff": null,
      "_post_usage_questions": "",
      "_policy_off_between_times": false,
      "_policy_off_start_time": null,
      "_policy_off_end_time": null,
      "_policy_off_weekend": false,
      "_backup_owners": [
        [
          "ned"
        ],
        [
          "professor"
        ]
      ],
      "_superusers": []
    }
  },
  {
    "model": "NEMO.tool",
    "fields": {
      "name": "E-Beam Evaporator",
      "parent_tool": null,
      "visible": true,
      "_description": "",
      "_serial": "",
      "_image": "",
      "_tool_calendar_color": "#33ad33",
      "_category": "Physical Vapor Deposition",
      "_operational": true,
      "_primary_owner": [
        "captain"
      ],
      "_location": "215/B104",
      "_phone_number": "x3574",
      "_notification_email_address": "service@nautilus.com",
      "_interlock": null,
      "_requires_area_access": null,
      "_grant_physical_access_level_upon_qualification": 2,
      "_grant_badge_reader_access_upon_qualification": null,
      "_reservation_horizon": 14,
      "_minimum_usage_block_time": 30,
      "_maximum_usage_block_time": 240,
      "_maximum_reservations_per_day": 2,
      "_minimum_time_between_reservations": 180,
      "_maximum_future_reservation_time": 1440,
      "_missed_reservation_threshold": 30,
      "_max_delayed_logoff": null,
      "_post_usage_questions": "",
      "_policy_off_between_times": false,
      "_policy_off_start_time": null,
      "_policy_off_end_time": null,
      "_policy_off_weekend": false,
      "_backup_owners": [
        [
          "ned"
        ],
        [
          "professor"
        ]
      ],
      "_superusers": []
    }
  },
  {
    "model": "NEMO.tool",
    "fields": {
      "name": "Oxford Metal Etcher",
      "parent_tool": null,
      "visible": true,
      "_description": "",
      "_serial": "",
      "_image": "",
      "_tool_calendar_color": "#33ad33",
      "_category": "Dry Etch",
      "_operational": true,
      "_primary_owner": [
        "captain"
      ],
      "_location": "215/A106",
      "_phone_number": "x3557",
      "_notification_email_address": "service@nautilus.com",
      "_interlock": null,
      "_requires_area_access": null,
      "_grant_physical_access_level_upon_qualification": 2,
      "_grant_badge_reader_access_upon_qualification": null,
      "_reservation_horizon": 14,
      "_minimum_usage_block_time": 30,
      "_maximum_usage_block_time": 240,
      "_maximum_reservations_per_day": null,
      "_minimum_time_between_reservations": null,
      "_maximum_future_reservation_time": null,
      "_missed_reservation_threshold": 30,
      "_max_delayed_logoff": 120,
      "_post_usage_questions": "",
      "_policy_off_between_times": false,
      "_policy_off_start_time": null,
      "_policy_off_end_time": null,
      "_policy_off_weekend": false,
      "_backup_owners": [
        [
          "ned"
        ],
        [
          "professor"
        ]
      ],
      "_superusers": []
    }
  },
  {
    "model": "NEMO.tool",
    "fields": {
      "name": "Oxford Silicon Etcher",
      "parent_tool": null,
      "visible": true,
      "_description": "",
      "_serial": "",
      "_image": "",
      "_tool_calendar_color": "#33ad33",
      "_category": "Dry Etch",
      "_operational": true,
      "_primary_owner": [
        "captain"
      ],
      "_location": "215/A106",
      "_phone_number": "x3557",
      "_notification_email_address": "service@nautilus.com",
      "_interlock": null,
      "_requires_area_access": null,
      "_grant_physical_access_level_upon_qualification": 2,
      "_grant_badge_reader_access_upon_qualification": null,
      "_reservation_horizon": 14,
      "_minimum_usage_block_time": 30,
      "_maximum_usage_block_time": 240,
      "_maximum_reservations_per_day": null,
      "_minimum_time_between_reservations": null,
      "_maximum_future_reservation_time": null,
      "_missed_reservation_threshold": 30,
      "_max_delayed_logoff": 120,
      "_post_usage_questions": "",
      "_policy_off_between_times": false,
      "_policy_off_start_time": null,
      "_policy_off_end_time": null,
      "_policy_off_weekend": false,
      "_backup_owners": [
        [
          "ned"
        ],
        [
          "professor"
        ]
      ],
      "_superusers": []
    }
  },
  {
    "model": "NEMO.tool",
    "fields": {
      "name": "Oxford III-V Etcher",
      "parent_tool": null,
      "visible": true,
      "_description": "",
      "_serial": "",
      "_image": "",
      "_tool_calendar_color": "#33ad33",
      "_category": "Dry Etch",
      "_operational": true,
      "_primary_owner": [
        "captain"
      ],
      "_location": "215/A106",
      "_phone_number": "x3557",
      "_notification_email_address": "service@nautilus.com",
      "_interlock": null,
      "_requires_area_access": null,
      "_grant_physical_access_level_upon_qualification": 2,
      "_grant_badge_reader_access_upon_qualification": null,
      "_reservation_horizon": 14,
      "_minimum_usage_block_time": 30,
      "_maximum_usage_block_time": 240,
      "_maximum_reservations_per_day": null,
      "_minimum_time_between_reservations": null,
      "_maximum_future_reservation_time": null,
      "_missed_reservation_threshold": 30,
      "_max_delayed_logoff": 120,
      "_post_usage_questions": "",
      "_policy_off_between_times": false,
      "_policy_off_start_time": null,
      "_policy_off_end_time": null,
      "_policy_off_weekend": false,
      "_backup_owners": [
        [
          "ned"
        ],
        [
          "professor"
        ]
      ],
      "_superusers": []
    }
  },
  {
    "model": "NEMO.tool",
    "fields": {
      "name": "Gemini 500 FESEM",
      "parent_tool": null,
      "visible": true,
      "_description": "",
      "_serial": "",
      "_image": "",
      "_tool_calendar_color": "#33ad33",
      "_category": "Imaging and Analysis",
      "_operational": true,
      "_primary_owner": [
        "captain"
      ],
      "_location": "215/D106",
      "_phone_number": "x70052",
      "_notification_email_address": "nanofab_microscopy@nist.gov",
      "_interlock": null,
      "_requires_area_access": null,
      "_grant_physical_access_level_upon_qualification": 2,
      "_grant_badge_reader_access_upon_qualification": null,
      "_reservation_horizon": 14,
      "_minimum_usage_block_time": 30,
      "_maximum_usage_block_time": 180,
      "_maximum_reservations_per_day": 1,
      "_minimum_time_between_reservations": null,
      "_maximum_future_reservation_time": 540,
      "_missed_reservation_threshold": 30,
      "_max_delayed_logoff": null,
      "_post_usage_questions": "",
      "_policy_off_between_times": true,
      "_policy_off_start_time": "18:00:00",
      "_policy_off_end_time": "08:00:00",
      "_policy_off_weekend": true,
      "_backup_owners": [
        [
          "ned"
        ],
        [
          "professor"
        ]
      ],
      "_superusers": []
    }
  },
  {
    "model": "NEMO.toolusagecounter",
    "pk": 1,
    "fields": {
      "name": "Total gold used",
      "description": "",
      "value": 203,
      "default_value": 0,
      "counter_direction": 1,
      "tool": [
        "4Wave Cluster Sputter"
      ],
      "tool_post_usage_question": "gold_used",
      "last_reset_value": null,
      "last_reset": null,
      "last_reset_by": null,
      "warning_threshold": null,
      "warning_email": "",
      "warning_threshold_reached": false,
      "is_active": true
    }
  },
  {
    "model": "NEMO.toolusagecounter",
    "pk": 2,
    "fields": {
      "name": "Etch time until PM",
      "description": "Etch time (minutes) until preventative maintenance",
      "value": 50,
      "default_value": 100,
      "counter_direction": -1,
      "tool": [
        "790 RIE Right"
      ],
      "tool_post_usage_question": "etch_time",
      "last_reset_value": null,
      "last_reset": null,
      "last_reset_by": null,
      "warning_threshold": null,
      "warning_email": "",
      "warning_threshold_reached": false,
      "is_active": true
    }
  },
  {
    "model": "NEMO.toolqualificationgroup",
    "pk": 1,
    "fields": {
      "name": "PDMS Group",
      "tools": [
        [
          "PDMS Curing Oven 1"
        ],
        [
          "PDMS Curing Oven 2"
        ],
        [
          "PDMS Mixer"
        ],
        [
          "PDMS Plasma Bonder"
        ],
        [
          "PDMS Puncher"
        ],
        [
          "PDMS Spin Coater"
        ]
      ]
    }
  },
  {
    "model": "NEMO.toolqualificationgroup",
    "pk": 2,
    "fields": {
      "name": "Spinner Group",
      "tools": [
        [
          "A102 Spinner Hood"
        ],
        [
          "A102 Spinner Left"
        ],
        [
          "A102 Spinner Right"
        ],
        [
          "A103 Spinner Hood"
        ],
        [
          "A103 Spinner Left"
        ],
        [
          "A103 Spinner Right"
        ]
      ]
    }
  },
  {
    "model": "NEMO.qualification",
    "pk": 1,
    "fields": {
      "user": [
        "captain"
      ],
      "tool": [
        "Sinter"
      ],
      "qualified_on": "2023-04-10"
    }
  },
  {
    "model": "NEMO.qualification",
    "pk": 2,
    "fields": {
      "user": [
        "captain"
      ],
      "tool": [
        "PECVD"
      ],
      "qualified_on": "2023-04-10"
    }
  },
  {
    "model": "NEMO.qualification",
    "pk": 3,
    "fields": {
      "user": [
        "captain"
      ],
      "tool": [
        "Dicing saw"
      ],
      "qualified_on": "2023-04-10"
    }
  },
  {
    "model": "NEMO.qualification",
    "pk": 4,
    "fields": {
      "user": [
        "professor"
      ],
      "tool": [
        "Sinter"
      ],
      "qualified_on": "2023-04-10"
    }
  },
  {
    "model": "NEMO.qualification",
    "pk": 5,
    "fields": {
      "user": [
        "professor"
      ],
      "tool": [
        "PECVD"
      ],
      "qualified_on": "2023-04-10"
    }
  },
  {
    "model": "NEMO.qualification",
    "pk": 6,
    "fields": {
      "user": [
        "professor"
      ],
      "tool": [
        "Dicing saw"
      ],
      "qualified_on": "2023-04-10"
    }
  },
  {
    "model": "NEMO.qualification",
    "pk": 7,
    "fields": {
      "user": [
        "ned"
      ],
      "tool": [
        "Sinter"
      ],
      "qualified_on": "2023-04-10"
    }
  },
  {
    "model": "NEMO.qualification",
    "pk": 8,
    "fields": {
      "user": [
        "ned"
      ],
      "tool": [
        "PECVD"
      ],
      "qualified_on": "2023-04-10"
    }
  },
  {
    "model": "NEMO.qualification",
    "pk": 9,
    "fields": {
      "user": [
        "ned"
      ],
      "tool": [
        "Dicing saw"
      ],
      "qualified_on": "2023-04-10"
    }
  },
  {
    "model": "NEMO.qualification",
    "pk": 10,
    "fields": {
      "user": [
        "ned"
      ],
      "tool": [
        "Bruker AFM"
      ],
      "qualified_on": "2023-04-10"
    }
  },
  {
    "model": "NEMO.qualification",
    "pk": 11,
    "fields": {
      "user": [
        "ned"
      ],
      "tool": [
        "Dektak XT 1"
      ],
      "qualified_on": "2023-04-10"
    }
  },
  {
    "model": "NEMO.qualification",
    "pk": 12,
    "fields": {
      "user": [
        "ned"
      ],
      "tool": [
        "Sputter B104 Right"
      ],
      "qualified_on": "2023-04-10"
    }
  },
  {
    "model": "NEMO.qualification",
    "pk": 13,
    "fields": {
      "user": [
        "ned"
      ],
      "tool": [
        "A105 Nikon L200"
      ],
      "qualified_on": "2023-04-10"
    }
  },
  {
    "model": "NEMO.qualification",
    "pk": 14,
    "fields": {
      "user": [
        "ned"
      ],
      "tool": [
        "Critical Point Dryer 1"
      ],
      "qualified_on": "2023-04-10"
    }
  },
  {
    "model": "NEMO.qualification",
    "pk": 15,
    "fields": {
      "user": [
        "ned"
      ],
      "tool": [
        "B101 Hot Phos Bench"
      ],
      "qualified_on": "2023-04-10"
    }
  },
  {
    "model": "NEMO.qualification",
    "pk": 16,
    "fields": {
      "user": [
        "ned"
      ],
      "tool": [
        "A103 Photomask Bench"
      ],
      "qualified_on": "2023-04-10"
    }
  },
  {
    "model": "NEMO.qualification",
    "pk": 17,
    "fields": {
      "user": [
        "ned"
      ],
      "tool": [
        "JEOL E-beam Cleanroom"
      ],
      "qualified_on": "2023-04-10"
    }
  },
  {
    "model": "NEMO.qualification",
    "pk": 18,
    "fields": {
      "user": [
        "ned"
      ],
      "tool": [
        "ZEISS FESEM"
      ],
      "qualified_on": "2023-04-10"
    }
  },
  {
    "model": "NEMO.qualification",
    "pk": 19,
    "fields": {
      "user": [
        "ned"
      ],
      "tool": [
        "FEI FIB 1"
      ],
      "qualified_on": "2023-04-10"
    }
  },
  {
    "model": "NEMO.qualification",
    "pk": 20,
    "fields": {
      "user": [
        "ned"
      ],
      "tool": [
        "HMDS Prime"
      ],
      "qualified_on": "2023-04-10"
    }
  },
  {
    "model": "NEMO.qualification",
    "pk": 21,
    "fields": {
      "user": [
        "ned"
      ],
      "tool": [
        "LHL Tube 2 Anneal"
      ],
      "qualified_on": "2023-04-10"
    }
  },
  {
    "model": "NEMO.qualification",
    "pk": 22,
    "fields": {
      "user": [
        "ned"
      ],
      "tool": [
        "790 RIE Middle"
      ],
      "qualified_on": "2023-04-10"
    }
  },
  {
    "model": "NEMO.qualification",
    "pk": 23,
    "fields": {
      "user": [
        "ned"
      ],
      "tool": [
        "NanoSpec"
      ],
      "qualified_on": "2023-04-10"
    }
  },
  {
    "model": "NEMO.qualification",
    "pk": 24,
    "fields": {
      "user": [
        "commander"
      ],
      "tool": [
        "Sinter"
      ],
      "qualified_on": "2023-04-10"
    }
  },
  {
    "model": "NEMO.qualification",
    "pk": 25,
    "fields": {
      "user": [
        "commander"
      ],
      "tool": [
        "PECVD"
      ],
      "qualified_on": "2023-04-10"
    }
  },
  {
    "model": "NEMO.qualification",
    "pk": 26,
    "fields": {
      "user": [
        "commander"
      ],
      "tool": [
        "Dicing saw"
      ],
      "qualified_on": "2023-04-10"
    }
  },
  {
    "model": "NEMO.qualification",
    "pk": 27,
    "fields": {
      "user": [
        "conseil"
      ],
      "tool": [
        "Sinter"
      ],
      "qualified_on": "2023-04-10"
    }
  },
  {
    "model": "NEMO.qualification",
    "pk": 28,
    "fields": {
      "user": [
        "conseil"
      ],
      "tool": [
        "PECVD"
      ],
      "qualified_on": "2023-04-10"
    }
  },
  {
    "model": "NEMO.qualification",
    "pk": 29,
    "fields": {
      "user": [
        "conseil"
      ],
      "tool": [
        "Dicing saw"
      ],
      "qualified_on": "2023-04-10"
    }
  },
  {
    "model": "NEMO.configuration",
    "pk": 1,
    "fields": {
      "name": "Blade type",
      "tool": [
        "Dicing saw"
      ],
      "configurable_item_name": "Blade",
      "advance_notice_limit": 18,
      "display_order": 0,
      "prompt": "What blade type do you need to use?",
      "current_settings": "SiC Blade",
      "available_settings": "Metal Blade, Resin Blade, SiC Blade",
      "calendar_colors": "#670862, #075e21, #878014",
      "qualified_users_are_maintainers": false,
      "exclude_from_configuration_agenda": false,
      "absence_string": null,
      "enabled": true,
      "maintainers": [
        [
          "captain"
        ],
        [
          "ned"
        ],
        [
          "professor"
        ]
      ]
    }
  },
  {
    "model": "NEMO.configuration",
    "pk": 2,
    "fields": {
      "name": "Wafer",
      "tool": [
        "CMP"
      ],
      "configurable_item_name": "Wafer chuck",
      "advance_notice_limit": 18,
      "display_order": 0,
      "prompt": "Please choose a wafer size you will need for your reservation.",
      "current_settings": "4\"",
      "available_settings": "3\", 4\"",
      "calendar_colors": "#0c0b55, #530202",
      "qualified_users_are_maintainers": false,
      "exclude_from_configuration_agenda": false,
      "absence_string": null,
      "enabled": true,
      "maintainers": []
    }
  },
  {
    "model": "NEMO.projecttype",
    "fields": {
      "name": "CHIPS",
      "display_order": 1
    }
  },
  {
    "model": "NEMO.project",
    "fields": {
      "name": "Cleanroom Eng",
      "application_identifier": "PROJ.2019.02",
      "start_date": null,
      "account": [
        "Cleanroom Staff"
      ],
      "project_types": [
        [
          "CHIPS"
        ]
      ],
      "discipline": null,
      "active": true,
      "allow_consumable_withdrawals": true,
      "only_allow_tools": []
    }
  },
  {
    "model": "NEMO.project",
    "fields": {
      "name": "Project 2",
      "application_identifier": "PROJ.456",
      "start_date": null,
      "account": [
        "Account 2"
      ],
      "discipline": [
        "Physics"
      ],
      "active": true,
      "allow_consumable_withdrawals": true,
      "only_allow_tools": []
    }
  },
  {
    "model": "NEMO.project",
    "fields": {
      "name": "Project 3",
      "application_identifier": "PROJ.789",
      "start_date": null,
      "account": [
        "Account 3"
      ],
      "discipline": [
        "Chemistry"
      ],
      "active": true,
      "allow_consumable_withdrawals": true,
      "only_allow_tools": []
    }
  },
  {
    "model": "NEMO.project",
    "fields": {
      "name": "Cleanroom Maint",
      "application_identifier": "PROJ.2019.03",
      "start_date": null,
      "account": [
        "Cleanroom Staff"
      ],
      "discipline": null,
      "active": true,
      "allow_consumable_withdrawals": true,
      "only_allow_tools": []
    }
  },
  {
    "model": "NEMO.reservation",
    "pk": 1,
    "fields": {
      "user": [
        "captain"
      ],
      "creator": [
        "captain"
      ],
      "creation_time": "2023-04-10T21:56:34.865Z",
      "tool": [
        "Sinter"
      ],
      "area": null,
      "project": [
        "Cleanroom Eng"
      ],
      "start": "2022-06-21T20:10:00Z",
      "end": "2022-06-23T20:10:00Z",
      "short_notice": false,
      "cancelled": false,
      "cancellation_time": null,
      "cancelled_by": null,
      "missed": true,
      "shortened": false,
      "descendant": null,
      "additional_information": null,
      "self_configuration": false,
      "title": "",
      "question_data": null,
      "validated": false
    }
  },
  {
    "model": "NEMO.reservation",
    "pk": 2,
    "fields": {
      "user": [
        "captain"
      ],
      "creator": [
        "captain"
      ],
      "creation_time": "2023-04-11T21:56:34.865Z",
      "tool": [
        "Sinter"
      ],
      "area": null,
      "project": [
        "Cleanroom Eng"
      ],
      "start": "2022-06-24T20:10:00Z",
      "end": "2022-06-26T20:10:00Z",
      "short_notice": false,
      "cancelled": false,
      "cancellation_time": null,
      "cancelled_by": null,
      "missed": false,
      "shortened": false,
      "descendant": null,
      "additional_information": null,
      "self_configuration": false,
      "title": "",
      "question_data": null,
      "validated": false
    }
  },
  {
    "model": "NEMO.reservationquestions",
    "pk": 1,
    "fields": {
      "name": "Sample question",
      "questions": "[\r\n    {\r\n        \"type\": \"textbox\",\r\n        \"name\": \"sample_name\",\r\n        \"max-width\": \"350\",\r\n        \"required\": true,\r\n        \"title_html\": \"<em>Sample Name / PID: </em>\",\n        \"title\": \"Sample Name / PID\",\r\n        \"help\": \"Write in a sample name, or paste a persistent identifier (PID) for your specimen\"\r\n    }\r\n]",
      "tool_reservations": true,
      "area_reservations": false,
      "only_for_tools": [
        [
          "Sinter"
        ]
      ],
      "only_for_areas": [],
      "only_for_projects": []
    }
  },
  {
    "model": "NEMO.usageevent",
    "pk": 1,
    "fields": {
      "user": [
        "captain"
      ],
      "operator": [
        "captain"
      ],
      "project": [
        "Project 2"
      ],
      "tool": [
        "PECVD"
      ],
      "start": "2018-06-21T20:36:33.777Z",
      "end": null,
      "validated": false,
      "remote_work": false,
      "run_data": null
    }
  },
  {
    "model": "NEMO.usageevent",
    "pk": 2,
    "fields": {
      "user": [
        "ned"
      ],
      "operator": [
        "ned"
      ],
      "project": [
        "Project 2"
      ],
      "tool": [
        "790 RIE Middle"
      ],
      "start": "2023-03-04T15:54:00Z",
      "end": "2023-03-05T16:00:00Z",
      "validated": false,
      "remote_work": false,
      "run_data": ""
    }
  },
  {
    "model": "NEMO.usageevent",
    "pk": 3,
    "fields": {
      "user": [
        "ned"
      ],
      "operator": [
        "ned"
      ],
      "project": [
        "Project 2"
      ],
      "tool": [
        "790 RIE Middle"
      ],
      "start": "2023-02-10T10:54:00Z",
      "end": "2023-02-11T15:00:00Z",
      "validated": false,
      "remote_work": false,
      "run_data": ""
    }
  },
  {
    "model": "NEMO.usageevent",
    "pk": 4,
    "fields": {
      "user": [
        "ned"
      ],
      "operator": [
        "ned"
      ],
      "project": [
        "Project 2"
      ],
      "tool": [
        "790 RIE Middle"
      ],
      "start": "2023-01-20T23:54:00Z",
      "end": "2023-01-21T19:00:00Z",
      "validated": false,
      "remote_work": false,
      "run_data": ""
    }
  },
  {
    "model": "NEMO.recurringconsumablecharge",
    "pk": 1,
    "fields": {
      "name": "Storage bin #1",
      "customer": [
        "professor"
      ],
      "consumable": 3,
      "quantity": 1,
      "project": [
        "Cleanroom Eng"
      ],
      "last_charge": "2022-12-09T01:55:11.118Z",
      "rec_start": "2022-11-02",
      "rec_frequency": 2,
      "rec_interval": 4,
      "rec_until": null,
      "rec_count": null,
      "last_updated": "2022-11-01T20:10:00Z",
      "last_updated_by": [
        "captain"
      ]
    }
  },
  {
    "model": "NEMO.recurringconsumablecharge",
    "pk": 2,
    "fields": {
      "name": "Storage bin #2",
      "customer": [
        "captain"
      ],
      "consumable": 3,
      "quantity": 1,
      "project": [
        "Cleanroom Eng"
      ],
      "last_charge": "2022-12-09T01:55:11.163Z",
      "rec_start": "2022-11-02",
      "rec_frequency": 2,
      "rec_interval": 4,
      "rec_until": null,
      "rec_count": null,
      "last_updated": "2022-11-01T20:10:00Z",
      "last_updated_by": [
        "captain"
      ]
    }
  },
  {
    "model": "NEMO.recurringconsumablecharge",
    "pk": 3,
    "fields": {
      "name": "Cleanroom gown #1",
      "customer": [
        "professor"
      ],
      "consumable": 4,
      "quantity": 1,
      "project": [
        "Cleanroom Eng"
      ],
      "last_charge": null,
      "rec_start": "2022-11-02",
      "rec_frequency": 1,
      "rec_interval": 5,
      "rec_until": null,
      "rec_count": null,
      "last_updated": "2022-11-01T20:10:00Z",
      "last_updated_by": [
        "captain"
      ]
    }
  },
  {
    "model": "NEMO.task",
    "pk": 1,
    "fields": {
      "urgency": 0,
      "tool": [
        "Dicing saw"
      ],
      "force_shutdown": false,
      "safety_hazard": false,
      "creator": [
        "captain"
      ],
      "creation_time": "2018-06-21T21:02:26.460Z",
      "problem_category": null,
      "problem_description": "Blade needs to be changed",
      "progress_description": null,
      "last_updated": null,
      "last_updated_by": null,
      "estimated_resolution_time": "2018-06-23T21:02:00Z",
      "cancelled": false,
      "resolved": false,
      "resolution_time": null,
      "resolver": null,
      "resolution_description": null,
      "resolution_category": null
    }
  },
  {
    "model": "NEMO.task",
    "pk": 2,
    "fields": {
      "urgency": 1,
      "tool": [
        "Sinter"
      ],
      "force_shutdown": true,
      "safety_hazard": false,
      "creator": [
        "captain"
      ],
      "creation_time": "2018-06-21T21:02:55.300Z",
      "problem_category": null,
      "problem_description": "Tool is offline for maintenance",
      "progress_description": "On Thursday, June 21st, 2018 @ 5:03 PM Captain Nemo (captain) updated this task:\nAwaiting vendor maintenance",
      "last_updated": "2018-06-21T21:03:34.824Z",
      "last_updated_by": [
        "captain"
      ],
      "estimated_resolution_time": null,
      "cancelled": false,
      "resolved": false,
      "resolution_time": null,
      "resolver": null,
      "resolution_description": null,
      "resolution_category": null
    }
  },
  {
    "model": "NEMO.task",
    "pk": 3,
    "fields": {
      "urgency": 1,
      "tool": [
        "PECVD"
      ],
      "force_shutdown": true,
      "safety_hazard": false,
      "creator": [
        "ned"
      ],
      "creation_time": "2024-02-21T04:24:00.300Z",
      "problem_category": null,
      "problem_description": "Electrode temperature did not increase in the beginning of the 180 C cleaning recipe. Aborted job.",
      "progress_description": "On Friday, December 29th, 2023 @ 8:57 AM Pierre Aronnax (professor) updated this task:\r\nTemperature will not go past 150C  with the setpoint being 180C. Chiller is showing \"Heater Alarm\" and will not rest. Tried to power cycle but the alarm returns. Currently troubleshooting\r\n\r\nOn Thursday, January 4th, 2024 @ 9:11 AM Pierre Aronnax (professor) updated this task:\r\nThe overtemp relay is faulty causing the temp to stop at 150 degrees when asking for 180 degrees.\r\nA new OT relay has been rush ordered.\r\n\r\nOn Thursday, January 11th, 2024 @ 11:38 AM Pierre Aronnax (professor) updated this task:\r\nThe new Relay has been installed and the alarm has stopped. However, now the relay contactor will not pull in to apply heat to the heaters. Continuing to troubleshoot control signals and voltages for the failure.\r\n\r\nOn Thursday, January 11th, 2024 @ 2:31 PM Pierre Aronnax (professor) updated this task:\r\nAfter further testing and troubleshooting it is determined that the Main heating element is bad and will need to be replaced. A call has been made to the vendor for replacement parts.\r\n\r\nOn Tuesday, February 6th, 2024 @ 1:43 PM Pierre Aronnax (professor) updated this task:\r\nExpecting the new heating element to arrive this Thursday, 2/8/24.\r\n\r\nOn Monday, February 12th, 2024 @ 2:33 PM Pierre Aronnax (professor) updated this task:\r\nThe new heater element has arrived. But in our attempts to remove the old heater it is apparent that this must be done by cutting and welding. We will be sending it to the vendor for major reworking of the heater element and its shroud. Package will be shipped to the vendor on tues 2/13/2024\r\n\r\nOn Thursday, February 15th, 2024 @ 2:46 PM Pierre Aronnax (professor) updated this task:\r\nThere was a short delay in shipping. The package is with shipping today.\r\nWe have news from the vendor that this type of repair requires one additional part which is a custom designed specification and the lead time is not until April before they receive the part and begin repairs. \" This repair is waiting on a part that currently has a delivery date of 4/4/24\" (from the vendor).",
      "last_updated": "2024-02-05T09:46:00.200Z",
      "last_updated_by": [
        "professor"
      ],
      "estimated_resolution_time": null,
      "cancelled": false,
      "resolved": false,
      "resolution_time": null,
      "resolver": null,
      "resolution_description": null,
      "resolution_category": null
    }
  },
  {
    "model": "NEMO.resource",
    "pk": 1,
    "fields": {
      "name": "NanoFab",
      "category": 1,
      "available": true,
      "restriction_message": "The NanoFab is closed.",
      "fully_dependent_tools": [
        [
          "Dicing saw"
        ],
        [
          "PECVD"
        ],
        [
          "Sinter"
        ]
      ],
      "partially_dependent_tools": [],
      "dependent_areas": []
    }
  },
  {
    "model": "NEMO.resource",
    "pk": 2,
    "fields": {
      "name": "Oxygen",
      "category": 2,
      "available": true,
      "restriction_message": "No more oxygen!",
      "fully_dependent_tools": [
        [
          "Dicing saw"
        ],
        [
          "PECVD"
        ]
      ],
      "partially_dependent_tools": [
        [
          "Sinter"
        ]
      ],
      "dependent_areas": []
    }
  },
  {
    "model": "NEMO.alert",
    "pk": 1,
    "fields": {
      "title": "Cleanroom closed this weekend",
      "category": "",
      "contents": "The cleanroom will be closed this weekend for maintenance",
      "creation_time": "2018-06-21T20:40:04.140Z",
      "creator": [
        "captain"
      ],
      "debut_time": "2018-06-21T20:39:00Z",
      "expiration_time": null,
      "user": null,
      "dismissible": false,
      "expired": false,
      "deleted": false
    }
  },
  {
    "model": "NEMO.contactinformation",
    "pk": 1,
    "fields": {
      "name": "Captain Nemo",
      "title": "Commander",
      "image": "Captain_Nemo.png",
      "category": [
        "Staff"
      ],
      "email": "captain.nemo@nautilus.com",
      "office_phone": "123-456-7890",
      "office_location": "123/A456",
      "mobile_phone": "098-765-4321",
      "mobile_phone_is_sms_capable": true,
      "user": [
        "captain"
      ]
    }
  },
  {
    "model": "NEMO.contactinformation",
    "pk": 2,
    "fields": {
      "name": "Pierre Aronnax",
      "title": "Professor of marine biology",
      "image": "Pierre_Aronnax.png",
      "category": [
        "Users"
      ],
      "email": "pierre.aronnax@nautilus.com",
      "office_phone": "314-159-2653",
      "office_location": "271/A828",
      "mobile_phone": "",
      "mobile_phone_is_sms_capable": false,
      "user": [
        "professor"
      ]
    }
  },
  {
    "model": "NEMO.contactinformation",
    "pk": 3,
    "fields": {
      "name": "Ned Land",
      "title": "Sailor",
      "image": "Ned_Land.png",
      "category": [
        "Users"
      ],
      "email": "ned.land@nautilus.com",
      "office_phone": "123-456-7899",
      "office_location": "123/A458",
      "mobile_phone": "",
      "mobile_phone_is_sms_capable": false,
      "user": [
        "ned"
      ]
    }
  },
  {
    "model": "NEMO.notification",
    "pk": 1,
    "fields": {
      "user": [
        "captain"
      ],
      "expiration": "2099-02-24T04:59:59.999Z",
      "notification_type": "buddyrequest",
      "content_type": [
        "NEMO",
        "buddyrequest"
      ],
      "object_id": 1
    }
  },
  {
    "model": "NEMO.notification",
    "pk": 2,
    "fields": {
      "user": [
        "professor"
      ],
      "expiration": "2099-02-24T04:59:59.999Z",
      "notification_type": "buddyrequest",
      "content_type": [
        "NEMO",
        "buddyrequest"
      ],
      "object_id": 1
    }
  },
  {
    "model": "NEMO.notification",
    "pk": 3,
    "fields": {
      "user": [
        "professor"
      ],
      "expiration": "2099-02-24T04:59:59.999Z",
      "notification_type": "temporaryphysicalaccessrequest",
      "content_type": [
        "NEMO",
        "temporaryphysicalaccessrequest"
      ],
      "object_id": 1
    }
  },
  {
    "model": "NEMO.notification",
    "pk": 4,
    "fields": {
      "user": [
        "captain"
      ],
      "expiration": "2099-02-24T04:59:59.999Z",
      "notification_type": "temporaryphysicalaccessrequest",
      "content_type": [
        "NEMO",
        "temporaryphysicalaccessrequest"
      ],
      "object_id": 1
    }
  },
  {
    "model": "NEMO.notification",
    "pk": 5,
    "fields": {
      "user": [
        "captain"
      ],
      "expiration": "2099-02-24T04:59:59.999Z",
      "notification_type": "adjustmentrequest",
      "content_type": [
        "NEMO",
        "adjustmentrequest"
      ],
      "object_id": 1
    }
  },
  {
    "model": "NEMO.notification",
    "pk": 7,
    "fields": {
      "user": [
        "ned"
      ],
      "expiration": "2099-02-24T04:59:59.999Z",
      "notification_type": "adjustmentrequestmessage",
      "content_type": [
        "NEMO",
        "requestmessage"
      ],
      "object_id": 1
    }
  },
  {
    "model": "NEMO.notification",
    "pk": 8,
    "fields": {
      "user": [
        "captain"
      ],
      "expiration": "2099-02-24T04:59:59.999Z",
      "notification_type": "adjustmentrequest",
      "content_type": [
        "NEMO",
        "adjustmentrequest"
      ],
      "object_id": 4
    }
  },
  {
    "model": "NEMO.notification",
    "pk": 9,
    "fields": {
      "user": [
        "ned"
      ],
      "expiration": "2099-02-24T04:59:59.999Z",
      "notification_type": "adjustmentrequest",
      "content_type": [
        "NEMO",
        "adjustmentrequest"
      ],
      "object_id": 4
    }
  },
  {
    "model": "NEMO.notification",
    "pk": 10,
    "fields": {
      "user": [
        "captain"
      ],
      "expiration": "2099-02-24T04:59:59.999Z",
      "notification_type": "staffassistancerequest",
      "content_type": [
        "NEMO",
        "staffassistancerequest"
      ],
      "object_id": 1
    }
  },
  {
    "model": "NEMO.notification",
    "pk": 11,
    "fields": {
      "user": [
        "professor"
      ],
      "expiration": "2099-02-24T04:59:59.999Z",
      "notification_type": "staffassistancerequest",
      "content_type": [
        "NEMO",
        "staffassistancerequest"
      ],
      "object_id": 1
    }
  },
  {
    "model": "NEMO.scheduledoutage",
    "pk": 1,
    "fields": {
      "start": "2022-06-21T20:10:00Z",
      "end": "2022-06-23T20:10:00Z",
      "creator": [
        "captain"
      ],
      "title": "",
      "details": "",
      "category": "",
      "tool": [
        "Sinter"
      ],
      "area": null,
      "resource": null
    }
  },
  {
    "model": "NEMO.buddyrequest",
    "pk": 1,
    "fields": {
      "creation_time": "2021-02-23T17:28:47.930Z",
      "start": "2021-02-23",
      "end": "2099-02-23",
      "description": "I am looking for somebody to come in on a weekend.\r\nDates are flexible.\r\nLet me know",
      "area": 1,
      "user": [
        "ned"
      ],
      "expired": false,
      "deleted": false
    }
  },
  {
    "model": "NEMO.areaaccessrecord",
    "pk": 1,
    "fields": {
      "area": 1,
      "customer": [
        "captain"
      ],
      "project": [
        "Project 2"
      ],
      "start": "2023-06-21T20:10:00Z",
      "end": null,
      "staff_charge": null,
      "validated": false
    }
  },
  {
    "model": "NEMO.areaaccessrecord",
    "pk": 2,
    "fields": {
      "area": 1,
      "customer": [
        "tech"
      ],
      "project": [
        "Cleanroom Maint"
      ],
      "start": "2023-07-21T20:10:00Z",
      "end": null,
      "staff_charge": null,
      "validated": false
    }
  },
  {
    "model": "NEMO.toolcredentials",
    "pk": 1,
    "fields": {
      "tool": [
        "Dicing saw"
      ],
      "username": "user",
      "password": "password",
      "comments": "user account",
      "authorized_staff": []
    }
  },
  {
    "model": "NEMO.toolcredentials",
    "pk": 2,
    "fields": {
      "tool": [
        "Dicing saw"
      ],
      "username": "admin",
      "password": "password",
      "comments": "admin account",
      "authorized_staff": []
    }
  },
  {
    "model": "NEMO.trainingsession",
    "pk": 1,
    "fields": {
      "trainer": [
        "captain"
      ],
      "trainee": [
        "ned"
      ],
      "tool": [
        "Dicing saw"
      ],
      "project": [
        "Project 2"
      ],
      "duration": 60,
      "type": 0,
      "date": "2023-05-12T23:29:00Z",
      "qualified": false,
      "validated": false,
      "validated_by": null
    }
  },
  {
    "model": "NEMO.consumablewithdraw",
    "pk": 1,
    "fields": {
      "customer": [
        "ned"
      ],
      "merchant": [
        "captain"
      ],
      "consumable": 2,
      "quantity": 1,
      "project": [
        "Project 2"
      ],
      "date": "2023-05-12T23:32:50.300Z",
      "validated": false,
      "validated_by": null
    }
  },
  {
    "model": "NEMO.staffknowledgebasecategory",
    "fields": {
      "name": "Staff procedures",
      "display_order": 1
    }
  },
  {
    "model": "NEMO.userknowledgebasecategory",
    "fields": {
      "name": "User training",
      "display_order": 1
    }
  },
  {
    "model": "NEMO.staffknowledgebaseitem",
    "pk": 1,
    "fields": {
      "name": "Cleaning equipment",
      "display_order": 1,
      "description": "Please refer to the SOP for equipment and safety rules",
      "category": [
        "Staff procedures"
      ]
    }
  },
  {
    "model": "NEMO.userknowledgebaseitem",
    "pk": 1,
    "fields": {
      "name": "Equipment training",
      "display_order": 1,
      "description": "Please contact the tool owner or tool superusers for equipment training.<br>This information is available in the tool control page, under the details tab.",
      "category": [
        "User training"
      ]
    }
  },
  {
    "model": "NEMO.staffassistancerequest",
    "pk": 1,
    "fields": {
      "creation_time": "2025-02-20T03:29:14.451Z",
      "description": "I need help in the lab with a tool",
      "user": [
        "ned"
      ],
      "resolved": false,
      "deleted": false
    }
  }
]
